,angle,reaction_time,ans,rsp,obj,name,experiment,group,session,AR,Type,Sym
0,0.0,7.481438,0.0,0.0,1.0,ZX,E1,G1,S2,1.0,B,0
1,135.0,3.126381,0.0,0.0,0.0,ZX,E1,G1,S2,1.0,B,0
2,90.0,7.028828,0.0,0.0,2.0,ZX,E1,G1,S2,1.0,B,0
3,90.0,4.543175,1.0,1.0,1.0,ZX,E1,G1,S2,1.0,B,0
4,180.0,4.759361,1.0,1.0,0.0,ZX,E1,G1,S2,1.0,B,0
5,135.0,3.094666,0.0,0.0,1.0,ZX,E1,G1,S2,1.0,B,0
6,90.0,3.027428,1.0,1.0,2.0,ZX,E1,G1,S2,1.0,B,0
7,45.0,3.528358,0.0,0.0,2.0,ZX,E1,G1,S2,1.0,B,0
8,0.0,3.225471,1.0,1.0,2.0,ZX,E1,G1,S2,1.0,B,0
9,180.0,2.313316,1.0,1.0,1.0,ZX,E1,G1,S2,1.0,B,0
10,0.0,2.221939,1.0,1.0,0.0,ZX,E1,G1,S2,1.0,B,0
11,90.0,2.657455,0.0,0.0,0.0,ZX,E1,G1,S2,1.0,B,0
12,90.0,3.750645,1.0,1.0,2.0,ZX,E1,G1,S2,1.0,B,0
13,0.0,2.797859,0.0,0.0,2.0,ZX,E1,G1,S2,1.0,B,0
14,180.0,8.220657,1.0,1.0,0.0,ZX,E1,G1,S2,1.0,B,0
15,45.0,2.464111,0.0,0.0,0.0,ZX,E1,G1,S2,1.0,B,0
16,90.0,4.707001,1.0,1.0,1.0,ZX,E1,G1,S2,1.0,B,0
17,0.0,3.004112,0.0,0.0,1.0,ZX,E1,G1,S2,1.0,B,0
18,135.0,4.631577,1.0,1.0,0.0,ZX,E1,G1,S2,1.0,B,0
19,45.0,3.240616,1.0,1.0,0.0,ZX,E1,G1,S2,1.0,B,0
20,135.0,2.135536,0.0,0.0,0.0,ZX,E1,G1,S2,1.0,B,0
21,135.0,2.548058,0.0,0.0,2.0,ZX,E1,G1,S2,1.0,B,0
22,135.0,6.606812,1.0,1.0,0.0,ZX,E1,G1,S2,1.0,B,0
23,45.0,2.361755,0.0,0.0,0.0,ZX,E1,G1,S2,1.0,B,0
24,135.0,2.72554,1.0,1.0,2.0,ZX,E1,G1,S2,1.0,B,0
25,0.0,2.021408,0.0,0.0,0.0,ZX,E1,G1,S2,1.0,B,0
26,135.0,2.390625,0.0,0.0,1.0,ZX,E1,G1,S2,1.0,B,0
27,90.0,2.402313,0.0,0.0,0.0,ZX,E1,G1,S2,1.0,B,0
28,180.0,2.329559,0.0,0.0,2.0,ZX,E1,G1,S2,1.0,B,0
29,90.0,1.93647,0.0,0.0,2.0,ZX,E1,G1,S2,1.0,B,0
30,180.0,1.971565,1.0,1.0,2.0,ZX,E1,G1,S2,1.0,B,0
31,45.0,2.2183,0.0,0.0,1.0,ZX,E1,G1,S2,1.0,B,0
32,0.0,2.299133,0.0,0.0,2.0,ZX,E1,G1,S2,1.0,B,0
33,180.0,1.68692,0.0,0.0,2.0,ZX,E1,G1,S2,1.0,B,0
34,180.0,2.055069,0.0,0.0,0.0,ZX,E1,G1,S2,1.0,B,0
35,135.0,2.334473,1.0,1.0,1.0,ZX,E1,G1,S2,1.0,B,0
36,135.0,2.13324,0.0,0.0,2.0,ZX,E1,G1,S2,1.0,B,0
37,90.0,1.856445,0.0,0.0,1.0,ZX,E1,G1,S2,1.0,B,0
38,90.0,1.696213,0.0,0.0,1.0,ZX,E1,G1,S2,1.0,B,0
39,180.0,1.564819,0.0,0.0,1.0,ZX,E1,G1,S2,1.0,B,0
40,90.0,2.142975,1.0,1.0,0.0,ZX,E1,G1,S2,1.0,B,0
41,180.0,3.514389,1.0,1.0,1.0,ZX,E1,G1,S2,1.0,B,0
42,45.0,6.866211,1.0,1.0,2.0,ZX,E1,G1,S2,1.0,B,0
43,0.0,2.710419,1.0,1.0,2.0,ZX,E1,G1,S2,1.0,B,0
44,180.0,1.988388,0.0,0.0,1.0,ZX,E1,G1,S2,1.0,B,0
45,45.0,2.782303,1.0,1.0,1.0,ZX,E1,G1,S2,1.0,B,0
46,135.0,3.138382,1.0,1.0,2.0,ZX,E1,G1,S2,1.0,B,0
47,0.0,2.177917,1.0,1.0,0.0,ZX,E1,G1,S2,1.0,B,0
48,90.0,2.480591,1.0,1.0,0.0,ZX,E1,G1,S2,1.0,B,0
49,0.0,2.722778,1.0,1.0,1.0,ZX,E1,G1,S2,1.0,B,0
50,135.0,2.434311,1.0,1.0,1.0,ZX,E1,G1,S2,1.0,B,0
51,45.0,2.210403,0.0,0.0,1.0,ZX,E1,G1,S2,1.0,B,0
52,180.0,2.671509,1.0,1.0,2.0,ZX,E1,G1,S2,1.0,B,0
53,45.0,2.525528,1.0,1.0,1.0,ZX,E1,G1,S2,1.0,B,0
54,45.0,2.620499,1.0,1.0,2.0,ZX,E1,G1,S2,1.0,B,0
55,0.0,2.080978,0.0,0.0,0.0,ZX,E1,G1,S2,1.0,B,0
56,0.0,2.390091,1.0,1.0,1.0,ZX,E1,G1,S2,1.0,B,0
57,45.0,3.932587,1.0,1.0,0.0,ZX,E1,G1,S2,1.0,B,0
58,45.0,2.480331,0.0,0.0,2.0,ZX,E1,G1,S2,1.0,B,0
59,180.0,3.618774,0.0,0.0,0.0,ZX,E1,G1,S2,1.0,B,0
60,0.0,3.702734,0.0,0.0,1.0,ZX,E1,G1,S3,1.0,B,0
61,135.0,1.96649,0.0,0.0,0.0,ZX,E1,G1,S3,1.0,B,0
62,90.0,1.958698,0.0,0.0,2.0,ZX,E1,G1,S3,1.0,B,0
63,90.0,1.809067,1.0,1.0,1.0,ZX,E1,G1,S3,1.0,B,0
64,180.0,2.165833,1.0,1.0,0.0,ZX,E1,G1,S3,1.0,B,0
65,135.0,1.707611,0.0,0.0,1.0,ZX,E1,G1,S3,1.0,B,0
66,90.0,2.269127,1.0,1.0,2.0,ZX,E1,G1,S3,1.0,B,0
67,45.0,2.189953,0.0,0.0,2.0,ZX,E1,G1,S3,1.0,B,0
68,0.0,3.672699,1.0,1.0,2.0,ZX,E1,G1,S3,1.0,B,0
69,180.0,1.823502,1.0,1.0,1.0,ZX,E1,G1,S3,1.0,B,0
70,0.0,1.831387,1.0,1.0,0.0,ZX,E1,G1,S3,1.0,B,0
71,90.0,2.055943,0.0,0.0,0.0,ZX,E1,G1,S3,1.0,B,0
72,90.0,2.020523,1.0,1.0,2.0,ZX,E1,G1,S3,1.0,B,0
73,0.0,2.659832,0.0,0.0,2.0,ZX,E1,G1,S3,1.0,B,0
74,180.0,2.244717,1.0,1.0,0.0,ZX,E1,G1,S3,1.0,B,0
75,45.0,1.909615,0.0,0.0,0.0,ZX,E1,G1,S3,1.0,B,0
76,90.0,1.899136,1.0,1.0,1.0,ZX,E1,G1,S3,1.0,B,0
77,0.0,1.921638,0.0,0.0,1.0,ZX,E1,G1,S3,1.0,B,0
78,135.0,2.232567,1.0,1.0,0.0,ZX,E1,G1,S3,1.0,B,0
80,135.0,2.679901,0.0,0.0,0.0,ZX,E1,G1,S3,1.0,B,0
81,135.0,2.244598,0.0,0.0,2.0,ZX,E1,G1,S3,1.0,B,0
82,135.0,2.279999,1.0,1.0,0.0,ZX,E1,G1,S3,1.0,B,0
83,45.0,3.092957,0.0,0.0,0.0,ZX,E1,G1,S3,1.0,B,0
84,135.0,2.567482,1.0,1.0,2.0,ZX,E1,G1,S3,1.0,B,0
85,0.0,1.743042,0.0,0.0,0.0,ZX,E1,G1,S3,1.0,B,0
86,135.0,2.660423,0.0,0.0,1.0,ZX,E1,G1,S3,1.0,B,0
87,90.0,1.925117,0.0,0.0,0.0,ZX,E1,G1,S3,1.0,B,0
88,180.0,1.71463,0.0,0.0,2.0,ZX,E1,G1,S3,1.0,B,0
89,90.0,2.479698,0.0,0.0,2.0,ZX,E1,G1,S3,1.0,B,0
90,180.0,1.7994,1.0,1.0,2.0,ZX,E1,G1,S3,1.0,B,0
91,45.0,2.063538,0.0,0.0,1.0,ZX,E1,G1,S3,1.0,B,0
92,0.0,2.135094,0.0,0.0,2.0,ZX,E1,G1,S3,1.0,B,0
93,180.0,1.564957,0.0,0.0,2.0,ZX,E1,G1,S3,1.0,B,0
94,180.0,1.830643,0.0,0.0,0.0,ZX,E1,G1,S3,1.0,B,0
95,135.0,1.785103,1.0,1.0,1.0,ZX,E1,G1,S3,1.0,B,0
96,135.0,1.696304,0.0,0.0,2.0,ZX,E1,G1,S3,1.0,B,0
97,90.0,2.877029,0.0,0.0,1.0,ZX,E1,G1,S3,1.0,B,0
98,90.0,1.794807,0.0,0.0,1.0,ZX,E1,G1,S3,1.0,B,0
99,180.0,1.576378,0.0,0.0,1.0,ZX,E1,G1,S3,1.0,B,0
100,90.0,1.876785,1.0,1.0,0.0,ZX,E1,G1,S3,1.0,B,0
101,180.0,1.833122,1.0,1.0,1.0,ZX,E1,G1,S3,1.0,B,0
102,45.0,1.982758,1.0,1.0,2.0,ZX,E1,G1,S3,1.0,B,0
104,180.0,2.085106,0.0,0.0,1.0,ZX,E1,G1,S3,1.0,B,0
105,45.0,4.807823,1.0,1.0,1.0,ZX,E1,G1,S3,1.0,B,0
106,135.0,2.312012,1.0,1.0,2.0,ZX,E1,G1,S3,1.0,B,0
107,0.0,2.512894,1.0,1.0,0.0,ZX,E1,G1,S3,1.0,B,0
108,90.0,2.166306,1.0,1.0,0.0,ZX,E1,G1,S3,1.0,B,0
109,0.0,2.163773,1.0,1.0,1.0,ZX,E1,G1,S3,1.0,B,0
110,135.0,1.559326,1.0,1.0,1.0,ZX,E1,G1,S3,1.0,B,0
111,45.0,2.14119,0.0,0.0,1.0,ZX,E1,G1,S3,1.0,B,0
112,180.0,2.135437,1.0,1.0,2.0,ZX,E1,G1,S3,1.0,B,0
113,45.0,2.523239,1.0,1.0,1.0,ZX,E1,G1,S3,1.0,B,0
114,45.0,2.056381,1.0,1.0,2.0,ZX,E1,G1,S3,1.0,B,0
115,0.0,1.953186,0.0,0.0,0.0,ZX,E1,G1,S3,1.0,B,0
116,0.0,3.04071,1.0,1.0,1.0,ZX,E1,G1,S3,1.0,B,0
117,45.0,2.423538,1.0,1.0,0.0,ZX,E1,G1,S3,1.0,B,0
118,45.0,2.297745,0.0,0.0,2.0,ZX,E1,G1,S3,1.0,B,0
119,180.0,2.45845,0.0,0.0,0.0,ZX,E1,G1,S3,1.0,B,0
540,90.0,4.545571,0.0,0.0,2.0,ZX,E3,G1,S2,1.0,T,0
541,0.0,1.957747,1.0,1.0,2.0,ZX,E3,G1,S2,1.0,T,0
542,45.0,1.910544,1.0,1.0,2.0,ZX,E3,G1,S2,1.0,T,0
543,135.0,2.200916,0.0,0.0,2.0,ZX,E3,G1,S2,1.0,T,0
544,90.0,3.138636,0.0,0.0,1.0,ZX,E3,G1,S2,1.0,T,0
545,0.0,2.311991,1.0,1.0,0.0,ZX,E3,G1,S2,1.0,T,0
546,135.0,3.395269,0.0,0.0,2.0,ZX,E3,G1,S2,1.0,T,0
547,135.0,3.385015,1.0,1.0,2.0,ZX,E3,G1,S2,1.0,T,0
548,135.0,2.680218,1.0,1.0,2.0,ZX,E3,G1,S2,1.0,T,0
549,45.0,2.769817,1.0,1.0,1.0,ZX,E3,G1,S2,1.0,T,0
550,90.0,2.749714,1.0,1.0,0.0,ZX,E3,G1,S2,1.0,T,0
552,180.0,8.020412,0.0,0.0,1.0,ZX,E3,G1,S2,1.0,T,0
553,90.0,4.021149,1.0,1.0,1.0,ZX,E3,G1,S2,1.0,T,0
554,45.0,3.226738,0.0,0.0,1.0,ZX,E3,G1,S2,1.0,T,0
555,0.0,2.235752,0.0,0.0,1.0,ZX,E3,G1,S2,1.0,T,0
556,45.0,2.86972,0.0,0.0,2.0,ZX,E3,G1,S2,1.0,T,0
557,90.0,1.953682,1.0,1.0,2.0,ZX,E3,G1,S2,1.0,T,0
559,45.0,2.456917,0.0,0.0,0.0,ZX,E3,G1,S2,1.0,T,0
560,90.0,2.62146,0.0,0.0,0.0,ZX,E3,G1,S2,1.0,T,0
561,90.0,1.85791,1.0,1.0,0.0,ZX,E3,G1,S2,1.0,T,0
562,45.0,2.077797,0.0,0.0,0.0,ZX,E3,G1,S2,1.0,T,0
563,90.0,2.758911,0.0,0.0,0.0,ZX,E3,G1,S2,1.0,T,0
564,45.0,4.121368,0.0,0.0,1.0,ZX,E3,G1,S2,1.0,T,0
565,0.0,2.357147,0.0,0.0,2.0,ZX,E3,G1,S2,1.0,T,0
566,45.0,1.965157,0.0,0.0,2.0,ZX,E3,G1,S2,1.0,T,0
567,135.0,2.524475,0.0,0.0,0.0,ZX,E3,G1,S2,1.0,T,0
568,0.0,1.988968,1.0,1.0,2.0,ZX,E3,G1,S2,1.0,T,0
569,0.0,2.802155,0.0,0.0,1.0,ZX,E3,G1,S2,1.0,T,0
570,90.0,3.462914,1.0,1.0,1.0,ZX,E3,G1,S2,1.0,T,0
571,180.0,4.01828,1.0,1.0,0.0,ZX,E3,G1,S2,1.0,T,0
572,135.0,3.759354,1.0,1.0,1.0,ZX,E3,G1,S2,1.0,T,0
573,90.0,3.636208,0.0,0.0,1.0,ZX,E3,G1,S2,1.0,T,0
574,180.0,3.565483,0.0,0.0,2.0,ZX,E3,G1,S2,1.0,T,0
575,45.0,2.345558,1.0,1.0,2.0,ZX,E3,G1,S2,1.0,T,0
576,45.0,3.753494,1.0,1.0,1.0,ZX,E3,G1,S2,1.0,T,0
577,0.0,2.257248,1.0,1.0,1.0,ZX,E3,G1,S2,1.0,T,0
578,180.0,3.29451,1.0,1.0,0.0,ZX,E3,G1,S2,1.0,T,0
579,135.0,3.517563,0.0,0.0,1.0,ZX,E3,G1,S2,1.0,T,0
580,180.0,2.860519,0.0,0.0,0.0,ZX,E3,G1,S2,1.0,T,0
581,180.0,3.662231,1.0,1.0,2.0,ZX,E3,G1,S2,1.0,T,0
582,180.0,7.145233,1.0,1.0,1.0,ZX,E3,G1,S2,1.0,T,0
583,0.0,2.972443,0.0,0.0,0.0,ZX,E3,G1,S2,1.0,T,0
584,180.0,5.264465,1.0,1.0,2.0,ZX,E3,G1,S2,1.0,T,0
585,0.0,2.746582,0.0,0.0,0.0,ZX,E3,G1,S2,1.0,T,0
586,135.0,3.138351,1.0,1.0,1.0,ZX,E3,G1,S2,1.0,T,0
587,180.0,4.047958,0.0,0.0,0.0,ZX,E3,G1,S2,1.0,T,0
589,135.0,3.370804,1.0,1.0,0.0,ZX,E3,G1,S2,1.0,T,0
590,135.0,3.270126,1.0,1.0,0.0,ZX,E3,G1,S2,1.0,T,0
591,0.0,3.961777,0.0,0.0,2.0,ZX,E3,G1,S2,1.0,T,0
592,135.0,4.239822,0.0,0.0,1.0,ZX,E3,G1,S2,1.0,T,0
593,90.0,4.032318,0.0,0.0,2.0,ZX,E3,G1,S2,1.0,T,0
594,90.0,2.624863,1.0,1.0,2.0,ZX,E3,G1,S2,1.0,T,0
595,45.0,2.312805,1.0,1.0,0.0,ZX,E3,G1,S2,1.0,T,0
596,0.0,3.640381,1.0,1.0,1.0,ZX,E3,G1,S2,1.0,T,0
597,135.0,2.648178,0.0,0.0,0.0,ZX,E3,G1,S2,1.0,T,0
598,45.0,3.287338,1.0,1.0,0.0,ZX,E3,G1,S2,1.0,T,0
599,180.0,4.442017,0.0,0.0,1.0,ZX,E3,G1,S2,1.0,T,0
601,0.0,2.344803,1.0,1.0,2.0,ZX,E3,G1,S3,1.0,T,0
602,45.0,1.7202,1.0,1.0,2.0,ZX,E3,G1,S3,1.0,T,0
604,90.0,2.984436,0.0,0.0,1.0,ZX,E3,G1,S3,1.0,T,0
605,0.0,2.324554,1.0,1.0,0.0,ZX,E3,G1,S3,1.0,T,0
606,135.0,5.809204,0.0,0.0,2.0,ZX,E3,G1,S3,1.0,T,0
607,135.0,3.360092,1.0,1.0,2.0,ZX,E3,G1,S3,1.0,T,0
608,135.0,1.799652,1.0,1.0,2.0,ZX,E3,G1,S3,1.0,T,0
609,45.0,3.830551,1.0,1.0,1.0,ZX,E3,G1,S3,1.0,T,0
610,90.0,2.647995,1.0,1.0,0.0,ZX,E3,G1,S3,1.0,T,0
612,180.0,5.221573,0.0,0.0,1.0,ZX,E3,G1,S3,1.0,T,0
613,90.0,2.116821,1.0,1.0,1.0,ZX,E3,G1,S3,1.0,T,0
614,45.0,2.321381,0.0,0.0,1.0,ZX,E3,G1,S3,1.0,T,0
615,0.0,1.798553,0.0,0.0,1.0,ZX,E3,G1,S3,1.0,T,0
616,45.0,3.230225,0.0,0.0,2.0,ZX,E3,G1,S3,1.0,T,0
617,90.0,1.752533,1.0,1.0,2.0,ZX,E3,G1,S3,1.0,T,0
618,0.0,2.959503,1.0,1.0,0.0,ZX,E3,G1,S3,1.0,T,0
619,45.0,1.760712,0.0,0.0,0.0,ZX,E3,G1,S3,1.0,T,0
620,90.0,2.852448,0.0,0.0,0.0,ZX,E3,G1,S3,1.0,T,0
621,90.0,1.786896,1.0,1.0,0.0,ZX,E3,G1,S3,1.0,T,0
622,45.0,2.017883,0.0,0.0,0.0,ZX,E3,G1,S3,1.0,T,0
624,45.0,4.577118,0.0,0.0,1.0,ZX,E3,G1,S3,1.0,T,0
625,0.0,2.279907,0.0,0.0,2.0,ZX,E3,G1,S3,1.0,T,0
626,45.0,1.833008,0.0,0.0,2.0,ZX,E3,G1,S3,1.0,T,0
627,135.0,2.177002,0.0,0.0,0.0,ZX,E3,G1,S3,1.0,T,0
628,0.0,1.876923,1.0,1.0,2.0,ZX,E3,G1,S3,1.0,T,0
630,90.0,2.614929,1.0,1.0,1.0,ZX,E3,G1,S3,1.0,T,0
631,180.0,4.043152,1.0,1.0,0.0,ZX,E3,G1,S3,1.0,T,0
632,135.0,3.909119,1.0,1.0,1.0,ZX,E3,G1,S3,1.0,T,0
633,90.0,2.263458,0.0,0.0,1.0,ZX,E3,G1,S3,1.0,T,0
634,180.0,4.013885,0.0,0.0,2.0,ZX,E3,G1,S3,1.0,T,0
635,45.0,2.411285,1.0,1.0,2.0,ZX,E3,G1,S3,1.0,T,0
636,45.0,3.140381,1.0,1.0,1.0,ZX,E3,G1,S3,1.0,T,0
637,0.0,2.27771,1.0,1.0,1.0,ZX,E3,G1,S3,1.0,T,0
638,180.0,2.960236,1.0,1.0,0.0,ZX,E3,G1,S3,1.0,T,0
639,135.0,3.389496,0.0,0.0,1.0,ZX,E3,G1,S3,1.0,T,0
640,180.0,4.037781,0.0,0.0,0.0,ZX,E3,G1,S3,1.0,T,0
642,180.0,3.225922,1.0,1.0,1.0,ZX,E3,G1,S3,1.0,T,0
643,0.0,2.413513,0.0,0.0,0.0,ZX,E3,G1,S3,1.0,T,0
644,180.0,5.293945,1.0,1.0,2.0,ZX,E3,G1,S3,1.0,T,0
645,0.0,2.461365,0.0,0.0,0.0,ZX,E3,G1,S3,1.0,T,0
646,135.0,3.102448,1.0,1.0,1.0,ZX,E3,G1,S3,1.0,T,0
647,180.0,2.392365,0.0,0.0,0.0,ZX,E3,G1,S3,1.0,T,0
648,180.0,2.92511,1.0,1.0,1.0,ZX,E3,G1,S3,1.0,T,0
649,135.0,2.219757,1.0,1.0,0.0,ZX,E3,G1,S3,1.0,T,0
650,135.0,2.279816,1.0,1.0,0.0,ZX,E3,G1,S3,1.0,T,0
652,135.0,4.902832,0.0,0.0,1.0,ZX,E3,G1,S3,1.0,T,0
653,90.0,2.057007,0.0,0.0,2.0,ZX,E3,G1,S3,1.0,T,0
654,90.0,2.134827,1.0,1.0,2.0,ZX,E3,G1,S3,1.0,T,0
655,45.0,2.097473,1.0,1.0,0.0,ZX,E3,G1,S3,1.0,T,0
656,0.0,2.35611,1.0,1.0,1.0,ZX,E3,G1,S3,1.0,T,0
657,135.0,2.380157,0.0,0.0,0.0,ZX,E3,G1,S3,1.0,T,0
658,45.0,1.787628,1.0,1.0,0.0,ZX,E3,G1,S3,1.0,T,0
659,180.0,3.931305,0.0,0.0,1.0,ZX,E3,G1,S3,1.0,T,0
1800,90.0,1.150378,0.0,0.0,2.0,HY,E1,G1,S2,1.0,B,0
1801,0.0,3.384116,1.0,1.0,2.0,HY,E1,G1,S2,1.0,B,0
1802,45.0,3.36314,1.0,1.0,2.0,HY,E1,G1,S2,1.0,B,0
1804,90.0,2.583818,0.0,0.0,1.0,HY,E1,G1,S2,1.0,B,0
1805,0.0,2.628341,1.0,1.0,0.0,HY,E1,G1,S2,1.0,B,0
1806,135.0,3.47817,0.0,0.0,2.0,HY,E1,G1,S2,1.0,B,0
1807,135.0,2.748198,1.0,1.0,2.0,HY,E1,G1,S2,1.0,B,0
1808,135.0,2.50066,1.0,1.0,2.0,HY,E1,G1,S2,1.0,B,0
1809,45.0,2.933996,1.0,1.0,1.0,HY,E1,G1,S2,1.0,B,0
1810,90.0,3.25428,1.0,1.0,0.0,HY,E1,G1,S2,1.0,B,0
1812,180.0,8.205231,0.0,0.0,1.0,HY,E1,G1,S2,1.0,B,0
1813,90.0,1.91354,1.0,1.0,1.0,HY,E1,G1,S2,1.0,B,0
1814,45.0,3.983925,0.0,0.0,1.0,HY,E1,G1,S2,1.0,B,0
1815,0.0,1.657021,0.0,0.0,1.0,HY,E1,G1,S2,1.0,B,0
1816,45.0,2.088398,0.0,0.0,2.0,HY,E1,G1,S2,1.0,B,0
1817,90.0,2.089317,1.0,1.0,2.0,HY,E1,G1,S2,1.0,B,0
1818,0.0,2.291496,1.0,1.0,0.0,HY,E1,G1,S2,1.0,B,0
1819,45.0,3.672638,0.0,0.0,0.0,HY,E1,G1,S2,1.0,B,0
1820,90.0,2.089424,0.0,0.0,0.0,HY,E1,G1,S2,1.0,B,0
1821,90.0,2.246101,1.0,1.0,0.0,HY,E1,G1,S2,1.0,B,0
1822,45.0,4.309418,0.0,0.0,0.0,HY,E1,G1,S2,1.0,B,0
1823,90.0,2.168961,0.0,0.0,0.0,HY,E1,G1,S2,1.0,B,0
1824,45.0,1.85968,0.0,0.0,1.0,HY,E1,G1,S2,1.0,B,0
1825,0.0,3.790428,0.0,0.0,2.0,HY,E1,G1,S2,1.0,B,0
1826,45.0,1.754326,0.0,0.0,2.0,HY,E1,G1,S2,1.0,B,0
1827,135.0,1.830078,0.0,0.0,0.0,HY,E1,G1,S2,1.0,B,0
1828,0.0,1.944618,1.0,1.0,2.0,HY,E1,G1,S2,1.0,B,0
1829,0.0,1.776123,0.0,0.0,1.0,HY,E1,G1,S2,1.0,B,0
1830,90.0,2.528519,1.0,1.0,1.0,HY,E1,G1,S2,1.0,B,0
1831,180.0,2.050995,1.0,1.0,0.0,HY,E1,G1,S2,1.0,B,0
1832,135.0,2.636909,1.0,1.0,1.0,HY,E1,G1,S2,1.0,B,0
1833,90.0,2.088615,0.0,0.0,1.0,HY,E1,G1,S2,1.0,B,0
1834,180.0,2.278923,0.0,0.0,2.0,HY,E1,G1,S2,1.0,B,0
1835,45.0,2.669228,1.0,1.0,2.0,HY,E1,G1,S2,1.0,B,0
1836,45.0,2.456726,1.0,1.0,1.0,HY,E1,G1,S2,1.0,B,0
1837,0.0,1.699593,1.0,1.0,1.0,HY,E1,G1,S2,1.0,B,0
1838,180.0,2.009293,1.0,1.0,0.0,HY,E1,G1,S2,1.0,B,0
1839,135.0,2.413132,0.0,0.0,1.0,HY,E1,G1,S2,1.0,B,0
1840,180.0,1.886543,0.0,0.0,0.0,HY,E1,G1,S2,1.0,B,0
1841,180.0,2.166306,1.0,1.0,2.0,HY,E1,G1,S2,1.0,B,0
1842,180.0,2.486931,1.0,1.0,1.0,HY,E1,G1,S2,1.0,B,0
1843,0.0,2.031647,0.0,0.0,0.0,HY,E1,G1,S2,1.0,B,0
1844,180.0,2.702621,1.0,1.0,2.0,HY,E1,G1,S2,1.0,B,0
1845,0.0,2.084007,0.0,0.0,0.0,HY,E1,G1,S2,1.0,B,0
1846,135.0,2.444733,1.0,1.0,1.0,HY,E1,G1,S2,1.0,B,0
1847,180.0,1.924446,0.0,0.0,0.0,HY,E1,G1,S2,1.0,B,0
1848,180.0,2.088173,1.0,1.0,1.0,HY,E1,G1,S2,1.0,B,0
1849,135.0,2.298813,1.0,1.0,0.0,HY,E1,G1,S2,1.0,B,0
1850,135.0,2.1315,1.0,1.0,0.0,HY,E1,G1,S2,1.0,B,0
1851,0.0,2.158722,0.0,0.0,2.0,HY,E1,G1,S2,1.0,B,0
1852,135.0,2.223846,0.0,0.0,1.0,HY,E1,G1,S2,1.0,B,0
1853,90.0,2.646011,0.0,0.0,2.0,HY,E1,G1,S2,1.0,B,0
1854,90.0,3.139587,1.0,1.0,2.0,HY,E1,G1,S2,1.0,B,0
1855,45.0,2.256271,1.0,1.0,0.0,HY,E1,G1,S2,1.0,B,0
1856,0.0,1.965714,1.0,1.0,1.0,HY,E1,G1,S2,1.0,B,0
1857,135.0,1.739838,0.0,0.0,0.0,HY,E1,G1,S2,1.0,B,0
1858,45.0,2.471603,1.0,1.0,0.0,HY,E1,G1,S2,1.0,B,0
1859,180.0,2.367462,0.0,0.0,1.0,HY,E1,G1,S2,1.0,B,0
1860,90.0,2.827051,0.0,0.0,2.0,HY,E1,G1,S3,1.0,B,0
1861,0.0,2.126265,1.0,1.0,2.0,HY,E1,G1,S3,1.0,B,0
1862,45.0,2.363862,1.0,1.0,2.0,HY,E1,G1,S3,1.0,B,0
1863,135.0,2.033351,0.0,0.0,2.0,HY,E1,G1,S3,1.0,B,0
1864,90.0,1.849044,0.0,0.0,1.0,HY,E1,G1,S3,1.0,B,0
1865,0.0,2.071578,1.0,1.0,0.0,HY,E1,G1,S3,1.0,B,0
1866,135.0,2.346008,0.0,0.0,2.0,HY,E1,G1,S3,1.0,B,0
1867,135.0,1.763908,1.0,1.0,2.0,HY,E1,G1,S3,1.0,B,0
1868,135.0,2.235497,1.0,1.0,2.0,HY,E1,G1,S3,1.0,B,0
1869,45.0,2.217218,1.0,1.0,1.0,HY,E1,G1,S3,1.0,B,0
1870,90.0,2.550735,1.0,1.0,0.0,HY,E1,G1,S3,1.0,B,0
1871,180.0,2.609171,0.0,0.0,2.0,HY,E1,G1,S3,1.0,B,0
1872,180.0,2.171898,0.0,0.0,1.0,HY,E1,G1,S3,1.0,B,0
1873,90.0,1.685883,1.0,1.0,1.0,HY,E1,G1,S3,1.0,B,0
1874,45.0,2.596745,0.0,0.0,1.0,HY,E1,G1,S3,1.0,B,0
1875,0.0,1.624466,0.0,0.0,1.0,HY,E1,G1,S3,1.0,B,0
1876,45.0,2.123055,0.0,0.0,2.0,HY,E1,G1,S3,1.0,B,0
1877,90.0,2.380394,1.0,1.0,2.0,HY,E1,G1,S3,1.0,B,0
1878,0.0,2.792233,1.0,1.0,0.0,HY,E1,G1,S3,1.0,B,0
1879,45.0,5.539036,0.0,0.0,0.0,HY,E1,G1,S3,1.0,B,0
1880,90.0,1.900787,0.0,0.0,0.0,HY,E1,G1,S3,1.0,B,0
1881,90.0,1.841507,1.0,1.0,0.0,HY,E1,G1,S3,1.0,B,0
1882,45.0,2.010719,0.0,0.0,0.0,HY,E1,G1,S3,1.0,B,0
1883,90.0,3.039948,0.0,0.0,0.0,HY,E1,G1,S3,1.0,B,0
1884,45.0,1.639896,0.0,0.0,1.0,HY,E1,G1,S3,1.0,B,0
1885,0.0,1.577961,0.0,0.0,2.0,HY,E1,G1,S3,1.0,B,0
1886,45.0,2.164566,0.0,0.0,2.0,HY,E1,G1,S3,1.0,B,0
1887,135.0,1.87487,0.0,0.0,0.0,HY,E1,G1,S3,1.0,B,0
1888,0.0,1.732368,1.0,1.0,2.0,HY,E1,G1,S3,1.0,B,0
1889,0.0,1.562706,0.0,0.0,1.0,HY,E1,G1,S3,1.0,B,0
1890,90.0,1.755119,1.0,1.0,1.0,HY,E1,G1,S3,1.0,B,0
1891,180.0,2.099976,1.0,1.0,0.0,HY,E1,G1,S3,1.0,B,0
1892,135.0,1.932808,1.0,1.0,1.0,HY,E1,G1,S3,1.0,B,0
1893,90.0,1.867439,0.0,0.0,1.0,HY,E1,G1,S3,1.0,B,0
1894,180.0,2.308899,0.0,0.0,2.0,HY,E1,G1,S3,1.0,B,0
1895,45.0,2.04409,1.0,1.0,2.0,HY,E1,G1,S3,1.0,B,0
1896,45.0,1.988075,1.0,1.0,1.0,HY,E1,G1,S3,1.0,B,0
1897,0.0,1.677635,1.0,1.0,1.0,HY,E1,G1,S3,1.0,B,0
1898,180.0,1.820076,1.0,1.0,0.0,HY,E1,G1,S3,1.0,B,0
1899,135.0,1.863899,0.0,0.0,1.0,HY,E1,G1,S3,1.0,B,0
1901,180.0,2.914124,1.0,1.0,2.0,HY,E1,G1,S3,1.0,B,0
1902,180.0,2.691284,1.0,1.0,1.0,HY,E1,G1,S3,1.0,B,0
1903,0.0,1.845314,0.0,0.0,0.0,HY,E1,G1,S3,1.0,B,0
1904,180.0,2.382866,1.0,1.0,2.0,HY,E1,G1,S3,1.0,B,0
1905,0.0,2.765945,0.0,0.0,0.0,HY,E1,G1,S3,1.0,B,0
1906,135.0,2.635727,1.0,1.0,1.0,HY,E1,G1,S3,1.0,B,0
1907,180.0,2.076813,0.0,0.0,0.0,HY,E1,G1,S3,1.0,B,0
1908,180.0,1.830109,1.0,1.0,1.0,HY,E1,G1,S3,1.0,B,0
1909,135.0,1.87796,1.0,1.0,0.0,HY,E1,G1,S3,1.0,B,0
1910,135.0,1.799347,1.0,1.0,0.0,HY,E1,G1,S3,1.0,B,0
1911,0.0,2.010139,0.0,0.0,2.0,HY,E1,G1,S3,1.0,B,0
1912,135.0,2.32444,0.0,0.0,1.0,HY,E1,G1,S3,1.0,B,0
1913,90.0,2.065598,0.0,0.0,2.0,HY,E1,G1,S3,1.0,B,0
1914,90.0,2.725937,1.0,1.0,2.0,HY,E1,G1,S3,1.0,B,0
1915,45.0,2.109474,1.0,1.0,0.0,HY,E1,G1,S3,1.0,B,0
1916,0.0,1.889519,1.0,1.0,1.0,HY,E1,G1,S3,1.0,B,0
1917,135.0,1.929642,0.0,0.0,0.0,HY,E1,G1,S3,1.0,B,0
1918,45.0,2.147141,1.0,1.0,0.0,HY,E1,G1,S3,1.0,B,0
1919,180.0,1.86528,0.0,0.0,1.0,HY,E1,G1,S3,1.0,B,0
2281,0.0,3.394565,1.0,1.0,2.0,HY,E3,G1,S1,1.0,T,0
2282,45.0,1.832136,1.0,1.0,2.0,HY,E3,G1,S1,1.0,T,0
2283,135.0,1.865358,0.0,0.0,2.0,HY,E3,G1,S1,1.0,T,0
2285,0.0,9.62804,1.0,1.0,0.0,HY,E3,G1,S1,1.0,T,0
2286,135.0,3.484642,0.0,0.0,2.0,HY,E3,G1,S1,1.0,T,0
2287,135.0,2.504433,1.0,1.0,2.0,HY,E3,G1,S1,1.0,T,0
2288,135.0,1.915394,1.0,1.0,2.0,HY,E3,G1,S1,1.0,T,0
2289,45.0,4.517365,1.0,1.0,1.0,HY,E3,G1,S1,1.0,T,0
2290,90.0,3.528305,1.0,1.0,0.0,HY,E3,G1,S1,1.0,T,0
2291,180.0,3.381165,0.0,0.0,2.0,HY,E3,G1,S1,1.0,T,0
2292,180.0,4.462788,0.0,0.0,1.0,HY,E3,G1,S1,1.0,T,0
2293,90.0,2.116806,1.0,1.0,1.0,HY,E3,G1,S1,1.0,T,0
2294,45.0,2.763012,0.0,0.0,1.0,HY,E3,G1,S1,1.0,T,0
2295,0.0,2.289131,0.0,0.0,1.0,HY,E3,G1,S1,1.0,T,0
2296,45.0,6.34346,0.0,0.0,2.0,HY,E3,G1,S1,1.0,T,0
2297,90.0,1.878517,1.0,1.0,2.0,HY,E3,G1,S1,1.0,T,0
2298,0.0,2.958191,1.0,1.0,0.0,HY,E3,G1,S1,1.0,T,0
2299,45.0,5.774582,0.0,0.0,0.0,HY,E3,G1,S1,1.0,T,0
2300,90.0,4.312859,0.0,0.0,0.0,HY,E3,G1,S1,1.0,T,0
2301,90.0,2.333809,1.0,1.0,0.0,HY,E3,G1,S1,1.0,T,0
2302,45.0,2.592911,0.0,0.0,0.0,HY,E3,G1,S1,1.0,T,0
2303,90.0,2.12133,0.0,0.0,0.0,HY,E3,G1,S1,1.0,T,0
2304,45.0,2.899315,0.0,0.0,1.0,HY,E3,G1,S1,1.0,T,0
2305,0.0,2.841354,0.0,0.0,2.0,HY,E3,G1,S1,1.0,T,0
2306,45.0,2.368118,0.0,0.0,2.0,HY,E3,G1,S1,1.0,T,0
2307,135.0,3.125847,0.0,0.0,0.0,HY,E3,G1,S1,1.0,T,0
2308,0.0,2.447205,1.0,1.0,2.0,HY,E3,G1,S1,1.0,T,0
2309,0.0,2.69223,0.0,0.0,1.0,HY,E3,G1,S1,1.0,T,0
2310,90.0,2.245285,1.0,1.0,1.0,HY,E3,G1,S1,1.0,T,0
2311,180.0,3.056793,1.0,1.0,0.0,HY,E3,G1,S1,1.0,T,0
2312,135.0,2.528694,1.0,1.0,1.0,HY,E3,G1,S1,1.0,T,0
2313,90.0,2.4459,0.0,0.0,1.0,HY,E3,G1,S1,1.0,T,0
2314,180.0,3.525299,0.0,0.0,2.0,HY,E3,G1,S1,1.0,T,0
2315,45.0,2.245117,1.0,1.0,2.0,HY,E3,G1,S1,1.0,T,0
2316,45.0,2.257813,1.0,1.0,1.0,HY,E3,G1,S1,1.0,T,0
2317,0.0,2.001495,1.0,1.0,1.0,HY,E3,G1,S1,1.0,T,0
2318,180.0,2.740677,1.0,1.0,0.0,HY,E3,G1,S1,1.0,T,0
2319,135.0,2.140121,0.0,0.0,1.0,HY,E3,G1,S1,1.0,T,0
2320,180.0,2.212387,0.0,0.0,0.0,HY,E3,G1,S1,1.0,T,0
2321,180.0,1.931717,1.0,1.0,2.0,HY,E3,G1,S1,1.0,T,0
2322,180.0,1.821014,1.0,1.0,1.0,HY,E3,G1,S1,1.0,T,0
2323,0.0,4.950333,0.0,0.0,0.0,HY,E3,G1,S1,1.0,T,0
2324,180.0,1.958084,1.0,1.0,2.0,HY,E3,G1,S1,1.0,T,0
2325,0.0,2.366333,0.0,0.0,0.0,HY,E3,G1,S1,1.0,T,0
2326,135.0,1.816498,1.0,1.0,1.0,HY,E3,G1,S1,1.0,T,0
2327,180.0,3.496796,0.0,0.0,0.0,HY,E3,G1,S1,1.0,T,0
2328,180.0,1.754013,1.0,1.0,1.0,HY,E3,G1,S1,1.0,T,0
2329,135.0,2.569778,1.0,1.0,0.0,HY,E3,G1,S1,1.0,T,0
2330,135.0,1.819473,1.0,1.0,0.0,HY,E3,G1,S1,1.0,T,0
2331,0.0,1.965973,0.0,0.0,2.0,HY,E3,G1,S1,1.0,T,0
2332,135.0,1.984589,0.0,0.0,1.0,HY,E3,G1,S1,1.0,T,0
2333,90.0,2.415909,0.0,0.0,2.0,HY,E3,G1,S1,1.0,T,0
2334,90.0,2.647827,1.0,1.0,2.0,HY,E3,G1,S1,1.0,T,0
2335,45.0,2.175705,1.0,1.0,0.0,HY,E3,G1,S1,1.0,T,0
2336,0.0,2.113129,1.0,1.0,1.0,HY,E3,G1,S1,1.0,T,0
2337,135.0,2.859314,0.0,0.0,0.0,HY,E3,G1,S1,1.0,T,0
2338,45.0,1.85553,1.0,1.0,0.0,HY,E3,G1,S1,1.0,T,0
2339,180.0,1.829422,0.0,0.0,1.0,HY,E3,G1,S1,1.0,T,0
2340,0.0,3.690012,0.0,0.0,1.0,HY,E3,G1,S2,1.0,T,0
2341,135.0,2.084736,0.0,0.0,0.0,HY,E3,G1,S2,1.0,T,0
2342,90.0,2.246436,0.0,0.0,2.0,HY,E3,G1,S2,1.0,T,0
2343,90.0,1.906014,1.0,1.0,1.0,HY,E3,G1,S2,1.0,T,0
2344,180.0,2.032253,1.0,1.0,0.0,HY,E3,G1,S2,1.0,T,0
2345,135.0,1.826531,0.0,0.0,1.0,HY,E3,G1,S2,1.0,T,0
2346,90.0,2.709874,1.0,1.0,2.0,HY,E3,G1,S2,1.0,T,0
2347,45.0,2.930914,0.0,0.0,2.0,HY,E3,G1,S2,1.0,T,0
2349,180.0,1.9056,1.0,1.0,1.0,HY,E3,G1,S2,1.0,T,0
2350,0.0,2.014593,1.0,1.0,0.0,HY,E3,G1,S2,1.0,T,0
2351,90.0,2.742968,0.0,0.0,0.0,HY,E3,G1,S2,1.0,T,0
2352,90.0,2.137222,1.0,1.0,2.0,HY,E3,G1,S2,1.0,T,0
2353,0.0,2.050354,0.0,0.0,2.0,HY,E3,G1,S2,1.0,T,0
2354,180.0,2.305031,1.0,1.0,0.0,HY,E3,G1,S2,1.0,T,0
2355,45.0,2.165031,0.0,0.0,0.0,HY,E3,G1,S2,1.0,T,0
2356,90.0,2.160496,1.0,1.0,1.0,HY,E3,G1,S2,1.0,T,0
2357,0.0,2.386845,0.0,0.0,1.0,HY,E3,G1,S2,1.0,T,0
2358,135.0,1.819954,1.0,1.0,0.0,HY,E3,G1,S2,1.0,T,0
2359,45.0,2.088566,1.0,1.0,0.0,HY,E3,G1,S2,1.0,T,0
2360,135.0,1.910622,0.0,0.0,0.0,HY,E3,G1,S2,1.0,T,0
2361,135.0,3.362083,0.0,0.0,2.0,HY,E3,G1,S2,1.0,T,0
2362,135.0,1.842937,1.0,1.0,0.0,HY,E3,G1,S2,1.0,T,0
2363,45.0,2.24379,0.0,0.0,0.0,HY,E3,G1,S2,1.0,T,0
2364,135.0,2.284096,1.0,1.0,2.0,HY,E3,G1,S2,1.0,T,0
2365,0.0,2.009678,0.0,0.0,0.0,HY,E3,G1,S2,1.0,T,0
2366,135.0,2.754906,0.0,0.0,1.0,HY,E3,G1,S2,1.0,T,0
2367,90.0,2.344715,0.0,0.0,0.0,HY,E3,G1,S2,1.0,T,0
2368,180.0,2.110695,0.0,0.0,2.0,HY,E3,G1,S2,1.0,T,0
2369,90.0,1.922272,0.0,0.0,2.0,HY,E3,G1,S2,1.0,T,0
2370,180.0,1.620338,1.0,1.0,2.0,HY,E3,G1,S2,1.0,T,0
2371,45.0,2.58194,0.0,0.0,1.0,HY,E3,G1,S2,1.0,T,0
2372,0.0,2.053352,0.0,0.0,2.0,HY,E3,G1,S2,1.0,T,0
2373,180.0,1.912003,0.0,0.0,2.0,HY,E3,G1,S2,1.0,T,0
2374,180.0,2.991165,0.0,0.0,0.0,HY,E3,G1,S2,1.0,T,0
2375,135.0,2.423889,1.0,1.0,1.0,HY,E3,G1,S2,1.0,T,0
2376,135.0,2.725052,0.0,0.0,2.0,HY,E3,G1,S2,1.0,T,0
2377,90.0,3.36264,0.0,0.0,1.0,HY,E3,G1,S2,1.0,T,0
2379,180.0,2.065224,0.0,0.0,1.0,HY,E3,G1,S2,1.0,T,0
2380,90.0,1.979706,1.0,1.0,0.0,HY,E3,G1,S2,1.0,T,0
2381,180.0,2.052147,1.0,1.0,1.0,HY,E3,G1,S2,1.0,T,0
2382,45.0,2.502335,1.0,1.0,2.0,HY,E3,G1,S2,1.0,T,0
2383,0.0,2.546227,1.0,1.0,2.0,HY,E3,G1,S2,1.0,T,0
2384,180.0,2.452995,0.0,0.0,1.0,HY,E3,G1,S2,1.0,T,0
2385,45.0,2.08992,1.0,1.0,1.0,HY,E3,G1,S2,1.0,T,0
2386,135.0,1.80011,1.0,1.0,2.0,HY,E3,G1,S2,1.0,T,0
2387,0.0,2.894577,1.0,1.0,0.0,HY,E3,G1,S2,1.0,T,0
2388,90.0,2.18895,1.0,1.0,0.0,HY,E3,G1,S2,1.0,T,0
2389,0.0,2.289543,1.0,1.0,1.0,HY,E3,G1,S2,1.0,T,0
2390,135.0,1.74408,1.0,1.0,1.0,HY,E3,G1,S2,1.0,T,0
2391,45.0,2.063019,0.0,0.0,1.0,HY,E3,G1,S2,1.0,T,0
2392,180.0,1.689476,1.0,1.0,2.0,HY,E3,G1,S2,1.0,T,0
2393,45.0,2.17392,1.0,1.0,1.0,HY,E3,G1,S2,1.0,T,0
2394,45.0,1.8452,1.0,1.0,2.0,HY,E3,G1,S2,1.0,T,0
2395,0.0,2.455956,0.0,0.0,0.0,HY,E3,G1,S2,1.0,T,0
2396,0.0,2.031815,1.0,1.0,1.0,HY,E3,G1,S2,1.0,T,0
2397,45.0,1.847992,1.0,1.0,0.0,HY,E3,G1,S2,1.0,T,0
2398,45.0,2.207657,0.0,0.0,2.0,HY,E3,G1,S2,1.0,T,0
2399,180.0,2.057602,0.0,0.0,0.0,HY,E3,G1,S2,1.0,T,0
2400,90.0,2.747712,0.0,0.0,0.0,HY,E3,G1,S3,1.0,T,0
2401,180.0,2.016645,0.0,0.0,2.0,HY,E3,G1,S3,1.0,T,0
2403,135.0,1.989994,1.0,1.0,2.0,HY,E3,G1,S3,1.0,T,0
2404,135.0,1.604865,1.0,1.0,2.0,HY,E3,G1,S3,1.0,T,0
2405,90.0,2.244001,0.0,0.0,1.0,HY,E3,G1,S3,1.0,T,0
2406,90.0,2.335888,0.0,0.0,2.0,HY,E3,G1,S3,1.0,T,0
2407,135.0,1.755316,0.0,0.0,2.0,HY,E3,G1,S3,1.0,T,0
2408,45.0,1.99938,0.0,0.0,1.0,HY,E3,G1,S3,1.0,T,0
2409,180.0,2.657549,0.0,0.0,0.0,HY,E3,G1,S3,1.0,T,0
2410,90.0,2.081728,1.0,1.0,1.0,HY,E3,G1,S3,1.0,T,0
2411,90.0,2.643326,0.0,0.0,0.0,HY,E3,G1,S3,1.0,T,0
2412,90.0,2.81579,0.0,0.0,2.0,HY,E3,G1,S3,1.0,T,0
2413,45.0,1.987022,1.0,1.0,0.0,HY,E3,G1,S3,1.0,T,0
2414,0.0,2.076511,1.0,1.0,2.0,HY,E3,G1,S3,1.0,T,0
2415,180.0,1.933533,0.0,0.0,1.0,HY,E3,G1,S3,1.0,T,0
2416,135.0,1.8106,1.0,1.0,0.0,HY,E3,G1,S3,1.0,T,0
2417,180.0,1.842453,1.0,1.0,0.0,HY,E3,G1,S3,1.0,T,0
2418,135.0,3.027386,0.0,0.0,2.0,HY,E3,G1,S3,1.0,T,0
2419,90.0,2.579037,1.0,1.0,2.0,HY,E3,G1,S3,1.0,T,0
2420,0.0,5.938816,0.0,0.0,2.0,HY,E3,G1,S3,1.0,T,0
2421,135.0,2.260731,1.0,1.0,1.0,HY,E3,G1,S3,1.0,T,0
2422,45.0,2.423935,0.0,0.0,1.0,HY,E3,G1,S3,1.0,T,0
2423,90.0,2.479656,1.0,1.0,2.0,HY,E3,G1,S3,1.0,T,0
2424,0.0,2.703407,0.0,0.0,0.0,HY,E3,G1,S3,1.0,T,0
2425,180.0,2.356277,0.0,0.0,0.0,HY,E3,G1,S3,1.0,T,0
2426,45.0,2.167313,0.0,0.0,0.0,HY,E3,G1,S3,1.0,T,0
2427,0.0,2.278595,1.0,1.0,0.0,HY,E3,G1,S3,1.0,T,0
2428,0.0,2.815254,0.0,0.0,0.0,HY,E3,G1,S3,1.0,T,0
2429,135.0,2.501526,0.0,0.0,0.0,HY,E3,G1,S3,1.0,T,0
2430,90.0,2.122314,1.0,1.0,1.0,HY,E3,G1,S3,1.0,T,0
2431,45.0,2.794716,0.0,0.0,0.0,HY,E3,G1,S3,1.0,T,0
2432,45.0,2.736603,1.0,1.0,2.0,HY,E3,G1,S3,1.0,T,0
2433,180.0,2.000229,1.0,1.0,1.0,HY,E3,G1,S3,1.0,T,0
2434,45.0,2.264221,1.0,1.0,1.0,HY,E3,G1,S3,1.0,T,0
2435,90.0,2.457458,1.0,1.0,0.0,HY,E3,G1,S3,1.0,T,0
2437,45.0,2.695953,0.0,0.0,2.0,HY,E3,G1,S3,1.0,T,0
2438,90.0,2.386299,0.0,0.0,1.0,HY,E3,G1,S3,1.0,T,0
2439,45.0,1.965622,1.0,1.0,1.0,HY,E3,G1,S3,1.0,T,0
2440,180.0,1.665215,1.0,1.0,1.0,HY,E3,G1,S3,1.0,T,0
2441,0.0,1.987953,1.0,1.0,2.0,HY,E3,G1,S3,1.0,T,0
2442,135.0,2.545807,0.0,0.0,1.0,HY,E3,G1,S3,1.0,T,0
2443,90.0,2.100365,1.0,1.0,0.0,HY,E3,G1,S3,1.0,T,0
2444,0.0,2.546623,1.0,1.0,0.0,HY,E3,G1,S3,1.0,T,0
2445,135.0,1.938507,1.0,1.0,0.0,HY,E3,G1,S3,1.0,T,0
2446,0.0,2.234367,0.0,0.0,2.0,HY,E3,G1,S3,1.0,T,0
2447,180.0,2.183029,0.0,0.0,1.0,HY,E3,G1,S3,1.0,T,0
2448,45.0,2.780998,0.0,0.0,2.0,HY,E3,G1,S3,1.0,T,0
2449,45.0,2.959473,1.0,1.0,0.0,HY,E3,G1,S3,1.0,T,0
2450,135.0,2.180641,0.0,0.0,1.0,HY,E3,G1,S3,1.0,T,0
2451,180.0,2.432564,0.0,0.0,2.0,HY,E3,G1,S3,1.0,T,0
2452,0.0,2.40284,0.0,0.0,1.0,HY,E3,G1,S3,1.0,T,0
2453,0.0,3.372787,0.0,0.0,1.0,HY,E3,G1,S3,1.0,T,0
2454,180.0,1.853317,1.0,1.0,0.0,HY,E3,G1,S3,1.0,T,0
2455,180.0,1.984741,1.0,1.0,2.0,HY,E3,G1,S3,1.0,T,0
2456,135.0,2.006805,0.0,0.0,0.0,HY,E3,G1,S3,1.0,T,0
2457,135.0,1.884125,1.0,1.0,1.0,HY,E3,G1,S3,1.0,T,0
2458,0.0,2.322876,1.0,1.0,1.0,HY,E3,G1,S3,1.0,T,0
2459,180.0,1.746384,1.0,1.0,2.0,HY,E3,G1,S3,1.0,T,0
4381,45.0,5.259694,1.0,1.0,1.0,WY,E1,G1,S2,1.0,B,0
4382,0.0,6.96986,0.0,0.0,2.0,WY,E1,G1,S2,1.0,B,0
4383,90.0,2.837667,0.0,0.0,0.0,WY,E1,G1,S2,1.0,B,0
4384,0.0,4.455406,0.0,0.0,1.0,WY,E1,G1,S2,1.0,B,0
4385,0.0,2.515005,1.0,1.0,0.0,WY,E1,G1,S2,1.0,B,0
4386,180.0,2.489124,1.0,1.0,0.0,WY,E1,G1,S2,1.0,B,0
4387,45.0,3.228199,1.0,1.0,1.0,WY,E1,G1,S2,1.0,B,0
4388,180.0,2.067532,1.0,1.0,2.0,WY,E1,G1,S2,1.0,B,0
4389,135.0,2.958443,1.0,1.0,1.0,WY,E1,G1,S2,1.0,B,0
4390,135.0,2.290352,1.0,1.0,2.0,WY,E1,G1,S2,1.0,B,0
4391,0.0,5.183434,1.0,1.0,2.0,WY,E1,G1,S2,1.0,B,0
4392,90.0,2.424156,1.0,1.0,2.0,WY,E1,G1,S2,1.0,B,0
4394,135.0,2.937439,1.0,1.0,0.0,WY,E1,G1,S2,1.0,B,0
4395,90.0,2.405827,1.0,1.0,0.0,WY,E1,G1,S2,1.0,B,0
4397,45.0,3.181992,1.0,1.0,0.0,WY,E1,G1,S2,1.0,B,0
4398,0.0,8.400223,1.0,1.0,2.0,WY,E1,G1,S2,1.0,B,0
4400,180.0,3.330284,0.0,0.0,1.0,WY,E1,G1,S2,1.0,B,0
4401,180.0,3.272575,0.0,0.0,2.0,WY,E1,G1,S2,1.0,B,0
4402,45.0,3.09391,0.0,0.0,0.0,WY,E1,G1,S2,1.0,B,0
4403,135.0,1.853149,0.0,0.0,0.0,WY,E1,G1,S2,1.0,B,0
4404,90.0,2.258896,0.0,0.0,0.0,WY,E1,G1,S2,1.0,B,0
4405,0.0,1.964302,1.0,1.0,0.0,WY,E1,G1,S2,1.0,B,0
4406,0.0,2.423714,0.0,0.0,0.0,WY,E1,G1,S2,1.0,B,0
4407,90.0,6.289505,0.0,0.0,1.0,WY,E1,G1,S2,1.0,B,0
4408,180.0,2.064888,1.0,1.0,2.0,WY,E1,G1,S2,1.0,B,0
4409,180.0,2.008301,0.0,0.0,0.0,WY,E1,G1,S2,1.0,B,0
4410,135.0,2.895935,1.0,1.0,2.0,WY,E1,G1,S2,1.0,B,0
4411,135.0,2.042824,0.0,0.0,1.0,WY,E1,G1,S2,1.0,B,0
4412,180.0,2.414047,1.0,1.0,1.0,WY,E1,G1,S2,1.0,B,0
4413,90.0,2.859329,0.0,0.0,2.0,WY,E1,G1,S2,1.0,B,0
4414,90.0,1.965332,1.0,1.0,0.0,WY,E1,G1,S2,1.0,B,0
4415,90.0,3.495148,1.0,1.0,1.0,WY,E1,G1,S2,1.0,B,0
4416,180.0,1.867233,0.0,0.0,1.0,WY,E1,G1,S2,1.0,B,0
4417,90.0,3.093948,0.0,0.0,2.0,WY,E1,G1,S2,1.0,B,0
4418,45.0,1.653305,0.0,0.0,2.0,WY,E1,G1,S2,1.0,B,0
4419,180.0,2.122086,0.0,0.0,0.0,WY,E1,G1,S2,1.0,B,0
4420,45.0,1.94162,1.0,1.0,0.0,WY,E1,G1,S2,1.0,B,0
4421,180.0,1.709961,0.0,0.0,2.0,WY,E1,G1,S2,1.0,B,0
4422,0.0,1.954544,0.0,0.0,2.0,WY,E1,G1,S2,1.0,B,0
4423,45.0,3.228775,0.0,0.0,0.0,WY,E1,G1,S2,1.0,B,0
4424,90.0,3.719315,1.0,1.0,1.0,WY,E1,G1,S2,1.0,B,0
4425,0.0,3.015472,1.0,1.0,1.0,WY,E1,G1,S2,1.0,B,0
4426,90.0,4.099319,1.0,1.0,2.0,WY,E1,G1,S2,1.0,B,0
4427,135.0,2.035355,0.0,0.0,1.0,WY,E1,G1,S2,1.0,B,0
4428,45.0,1.629608,0.0,0.0,1.0,WY,E1,G1,S2,1.0,B,0
4429,45.0,4.80159,1.0,1.0,2.0,WY,E1,G1,S2,1.0,B,0
4430,135.0,1.682617,0.0,0.0,0.0,WY,E1,G1,S2,1.0,B,0
4431,180.0,1.913589,1.0,1.0,0.0,WY,E1,G1,S2,1.0,B,0
4432,45.0,4.893753,1.0,1.0,2.0,WY,E1,G1,S2,1.0,B,0
4433,0.0,2.020584,0.0,0.0,0.0,WY,E1,G1,S2,1.0,B,0
4434,135.0,1.764374,1.0,1.0,0.0,WY,E1,G1,S2,1.0,B,0
4435,135.0,2.201492,1.0,1.0,1.0,WY,E1,G1,S2,1.0,B,0
4436,45.0,2.802689,0.0,0.0,1.0,WY,E1,G1,S2,1.0,B,0
4437,45.0,2.424332,0.0,0.0,2.0,WY,E1,G1,S2,1.0,B,0
4438,0.0,3.686081,0.0,0.0,1.0,WY,E1,G1,S2,1.0,B,0
4439,90.0,1.585861,0.0,0.0,1.0,WY,E1,G1,S2,1.0,B,0
4440,0.0,3.820491,1.0,1.0,2.0,WY,E1,G1,S3,1.0,B,0
4441,135.0,1.764279,0.0,0.0,1.0,WY,E1,G1,S3,1.0,B,0
4442,90.0,2.09633,0.0,0.0,1.0,WY,E1,G1,S3,1.0,B,0
4443,45.0,4.616861,0.0,0.0,0.0,WY,E1,G1,S3,1.0,B,0
4444,45.0,2.802933,0.0,0.0,2.0,WY,E1,G1,S3,1.0,B,0
4445,180.0,1.587006,0.0,0.0,2.0,WY,E1,G1,S3,1.0,B,0
4446,180.0,1.787176,1.0,1.0,0.0,WY,E1,G1,S3,1.0,B,0
4447,90.0,1.977663,1.0,1.0,0.0,WY,E1,G1,S3,1.0,B,0
4448,135.0,1.92045,0.0,0.0,1.0,WY,E1,G1,S3,1.0,B,0
4449,90.0,1.932951,0.0,0.0,0.0,WY,E1,G1,S3,1.0,B,0
4450,90.0,1.830883,0.0,0.0,2.0,WY,E1,G1,S3,1.0,B,0
4451,135.0,2.010906,0.0,0.0,0.0,WY,E1,G1,S3,1.0,B,0
4452,180.0,1.619427,0.0,0.0,2.0,WY,E1,G1,S3,1.0,B,0
4453,45.0,2.023312,1.0,1.0,0.0,WY,E1,G1,S3,1.0,B,0
4454,0.0,1.85239,0.0,0.0,2.0,WY,E1,G1,S3,1.0,B,0
4455,45.0,3.150547,1.0,1.0,2.0,WY,E1,G1,S3,1.0,B,0
4456,135.0,1.89917,1.0,1.0,1.0,WY,E1,G1,S3,1.0,B,0
4457,180.0,2.117954,0.0,0.0,0.0,WY,E1,G1,S3,1.0,B,0
4458,45.0,1.724174,0.0,0.0,1.0,WY,E1,G1,S3,1.0,B,0
4459,0.0,3.138241,0.0,0.0,0.0,WY,E1,G1,S3,1.0,B,0
4460,135.0,1.699478,0.0,0.0,2.0,WY,E1,G1,S3,1.0,B,0
4461,0.0,2.609028,1.0,1.0,1.0,WY,E1,G1,S3,1.0,B,0
4462,90.0,1.735703,0.0,0.0,0.0,WY,E1,G1,S3,1.0,B,0
4463,90.0,3.669655,1.0,1.0,2.0,WY,E1,G1,S3,1.0,B,0
4464,45.0,2.249588,1.0,1.0,0.0,WY,E1,G1,S3,1.0,B,0
4465,90.0,4.81591,1.0,1.0,2.0,WY,E1,G1,S3,1.0,B,0
4466,180.0,1.812561,1.0,1.0,1.0,WY,E1,G1,S3,1.0,B,0
4467,45.0,1.961288,0.0,0.0,1.0,WY,E1,G1,S3,1.0,B,0
4468,180.0,1.997704,1.0,1.0,1.0,WY,E1,G1,S3,1.0,B,0
4469,0.0,2.402084,1.0,1.0,0.0,WY,E1,G1,S3,1.0,B,0
4470,180.0,2.425514,1.0,1.0,2.0,WY,E1,G1,S3,1.0,B,0
4471,0.0,4.680885,1.0,1.0,2.0,WY,E1,G1,S3,1.0,B,0
4472,135.0,3.292641,1.0,1.0,0.0,WY,E1,G1,S3,1.0,B,0
4474,45.0,5.73381,1.0,1.0,2.0,WY,E1,G1,S3,1.0,B,0
4475,135.0,3.370468,1.0,1.0,2.0,WY,E1,G1,S3,1.0,B,0
4477,180.0,2.234238,1.0,1.0,0.0,WY,E1,G1,S3,1.0,B,0
4478,0.0,4.347183,0.0,0.0,2.0,WY,E1,G1,S3,1.0,B,0
4479,180.0,2.980431,1.0,1.0,2.0,WY,E1,G1,S3,1.0,B,0
4480,0.0,1.953705,0.0,0.0,0.0,WY,E1,G1,S3,1.0,B,0
4481,135.0,2.268707,1.0,1.0,0.0,WY,E1,G1,S3,1.0,B,0
4482,90.0,2.66806,1.0,1.0,1.0,WY,E1,G1,S3,1.0,B,0
4483,45.0,5.250099,1.0,1.0,1.0,WY,E1,G1,S3,1.0,B,0
4484,45.0,2.847198,0.0,0.0,2.0,WY,E1,G1,S3,1.0,B,0
4485,45.0,2.391136,0.0,0.0,0.0,WY,E1,G1,S3,1.0,B,0
4486,90.0,2.669785,1.0,1.0,1.0,WY,E1,G1,S3,1.0,B,0
4487,90.0,1.809769,0.0,0.0,1.0,WY,E1,G1,S3,1.0,B,0
4488,135.0,5.193329,1.0,1.0,1.0,WY,E1,G1,S3,1.0,B,0
4489,90.0,2.434937,0.0,0.0,2.0,WY,E1,G1,S3,1.0,B,0
4490,0.0,2.212662,1.0,1.0,1.0,WY,E1,G1,S3,1.0,B,0
4492,180.0,1.732315,0.0,0.0,1.0,WY,E1,G1,S3,1.0,B,0
4493,135.0,3.930771,1.0,1.0,2.0,WY,E1,G1,S3,1.0,B,0
4494,45.0,2.152527,1.0,1.0,1.0,WY,E1,G1,S3,1.0,B,0
4495,135.0,2.517181,0.0,0.0,0.0,WY,E1,G1,S3,1.0,B,0
4496,90.0,2.693207,1.0,1.0,0.0,WY,E1,G1,S3,1.0,B,0
4497,135.0,2.064194,0.0,0.0,2.0,WY,E1,G1,S3,1.0,B,0
4498,0.0,2.243866,0.0,0.0,1.0,WY,E1,G1,S3,1.0,B,0
4499,180.0,1.565002,0.0,0.0,1.0,WY,E1,G1,S3,1.0,B,0
4860,180.0,4.46982,1.0,1.0,2.0,WY,E3,G1,S2,1.0,T,0
4862,135.0,2.6544,0.0,0.0,2.0,WY,E3,G1,S2,1.0,T,0
4863,90.0,3.522121,0.0,0.0,1.0,WY,E3,G1,S2,1.0,T,0
4864,90.0,2.100374,1.0,1.0,2.0,WY,E3,G1,S2,1.0,T,0
4865,135.0,2.389914,0.0,0.0,0.0,WY,E3,G1,S2,1.0,T,0
4866,45.0,2.143944,0.0,0.0,2.0,WY,E3,G1,S2,1.0,T,0
4867,90.0,3.108501,0.0,0.0,0.0,WY,E3,G1,S2,1.0,T,0
4868,90.0,1.960442,1.0,1.0,0.0,WY,E3,G1,S2,1.0,T,0
4869,45.0,1.835304,1.0,1.0,0.0,WY,E3,G1,S2,1.0,T,0
4870,45.0,1.641232,0.0,0.0,0.0,WY,E3,G1,S2,1.0,T,0
4871,0.0,3.328648,0.0,0.0,1.0,WY,E3,G1,S2,1.0,T,0
4872,90.0,3.686115,1.0,1.0,1.0,WY,E3,G1,S2,1.0,T,0
4873,135.0,2.905178,0.0,0.0,1.0,WY,E3,G1,S2,1.0,T,0
4874,135.0,2.646328,1.0,1.0,2.0,WY,E3,G1,S2,1.0,T,0
4875,0.0,2.391571,0.0,0.0,0.0,WY,E3,G1,S2,1.0,T,0
4877,45.0,3.171623,1.0,1.0,0.0,WY,E3,G1,S2,1.0,T,0
4878,45.0,1.850605,0.0,0.0,0.0,WY,E3,G1,S2,1.0,T,0
4880,90.0,2.347504,0.0,0.0,2.0,WY,E3,G1,S2,1.0,T,0
4881,180.0,3.052696,1.0,1.0,1.0,WY,E3,G1,S2,1.0,T,0
4882,90.0,1.974846,0.0,0.0,2.0,WY,E3,G1,S2,1.0,T,0
4883,180.0,2.363495,0.0,0.0,0.0,WY,E3,G1,S2,1.0,T,0
4884,90.0,1.924767,0.0,0.0,0.0,WY,E3,G1,S2,1.0,T,0
4885,45.0,2.176651,1.0,1.0,2.0,WY,E3,G1,S2,1.0,T,0
4886,135.0,1.943481,0.0,0.0,2.0,WY,E3,G1,S2,1.0,T,0
4887,45.0,3.284058,0.0,0.0,1.0,WY,E3,G1,S2,1.0,T,0
4888,135.0,2.668571,1.0,1.0,1.0,WY,E3,G1,S2,1.0,T,0
4889,180.0,2.279076,0.0,0.0,0.0,WY,E3,G1,S2,1.0,T,0
4890,180.0,1.97319,0.0,0.0,2.0,WY,E3,G1,S2,1.0,T,0
4891,135.0,1.845947,0.0,0.0,0.0,WY,E3,G1,S2,1.0,T,0
4892,180.0,3.116234,0.0,0.0,1.0,WY,E3,G1,S2,1.0,T,0
4893,0.0,1.968735,1.0,1.0,2.0,WY,E3,G1,S2,1.0,T,0
4894,180.0,3.115234,1.0,1.0,0.0,WY,E3,G1,S2,1.0,T,0
4895,45.0,2.144318,1.0,1.0,2.0,WY,E3,G1,S2,1.0,T,0
4896,180.0,1.741409,0.0,0.0,2.0,WY,E3,G1,S2,1.0,T,0
4897,135.0,2.230858,1.0,1.0,2.0,WY,E3,G1,S2,1.0,T,0
4898,180.0,1.734673,1.0,1.0,2.0,WY,E3,G1,S2,1.0,T,0
4899,0.0,1.733475,0.0,0.0,2.0,WY,E3,G1,S2,1.0,T,0
4900,0.0,2.354492,1.0,1.0,0.0,WY,E3,G1,S2,1.0,T,0
4901,45.0,1.687096,0.0,0.0,2.0,WY,E3,G1,S2,1.0,T,0
4902,0.0,1.920609,1.0,1.0,2.0,WY,E3,G1,S2,1.0,T,0
4903,45.0,4.177933,1.0,1.0,1.0,WY,E3,G1,S2,1.0,T,0
4904,45.0,1.709183,0.0,0.0,1.0,WY,E3,G1,S2,1.0,T,0
4905,0.0,6.087036,0.0,0.0,1.0,WY,E3,G1,S2,1.0,T,0
4906,135.0,3.238281,1.0,1.0,1.0,WY,E3,G1,S2,1.0,T,0
4907,90.0,2.291519,1.0,1.0,1.0,WY,E3,G1,S2,1.0,T,0
4908,135.0,2.602585,1.0,1.0,0.0,WY,E3,G1,S2,1.0,T,0
4910,0.0,2.086075,1.0,1.0,1.0,WY,E3,G1,S2,1.0,T,0
4911,90.0,2.402435,1.0,1.0,0.0,WY,E3,G1,S2,1.0,T,0
4912,90.0,1.99913,1.0,1.0,2.0,WY,E3,G1,S2,1.0,T,0
4913,135.0,2.446182,1.0,1.0,0.0,WY,E3,G1,S2,1.0,T,0
4914,0.0,1.932327,0.0,0.0,2.0,WY,E3,G1,S2,1.0,T,0
4915,180.0,1.98851,1.0,1.0,0.0,WY,E3,G1,S2,1.0,T,0
4916,0.0,1.954559,1.0,1.0,1.0,WY,E3,G1,S2,1.0,T,0
4917,180.0,2.981995,0.0,0.0,1.0,WY,E3,G1,S2,1.0,T,0
4918,0.0,2.256668,1.0,1.0,0.0,WY,E3,G1,S2,1.0,T,0
4919,0.0,1.786301,0.0,0.0,0.0,WY,E3,G1,S2,1.0,T,0
4920,0.0,4.631824,1.0,1.0,0.0,WY,E3,G1,S3,1.0,T,0
4921,45.0,1.762811,1.0,1.0,0.0,WY,E3,G1,S3,1.0,T,0
4922,180.0,2.33329,0.0,0.0,1.0,WY,E3,G1,S3,1.0,T,0
4923,135.0,1.957894,1.0,1.0,2.0,WY,E3,G1,S3,1.0,T,0
4924,0.0,2.444268,1.0,1.0,1.0,WY,E3,G1,S3,1.0,T,0
4925,180.0,2.020905,0.0,0.0,2.0,WY,E3,G1,S3,1.0,T,0
4926,0.0,1.944778,0.0,0.0,0.0,WY,E3,G1,S3,1.0,T,0
4927,0.0,2.14403,1.0,1.0,1.0,WY,E3,G1,S3,1.0,T,0
4928,90.0,1.709339,0.0,0.0,2.0,WY,E3,G1,S3,1.0,T,0
4929,180.0,1.697796,1.0,1.0,2.0,WY,E3,G1,S3,1.0,T,0
4930,135.0,5.070908,0.0,0.0,1.0,WY,E3,G1,S3,1.0,T,0
4931,135.0,1.908943,1.0,1.0,1.0,WY,E3,G1,S3,1.0,T,0
4932,45.0,2.146027,1.0,1.0,0.0,WY,E3,G1,S3,1.0,T,0
4933,0.0,3.608826,0.0,0.0,1.0,WY,E3,G1,S3,1.0,T,0
4934,90.0,2.142105,1.0,1.0,0.0,WY,E3,G1,S3,1.0,T,0
4935,90.0,4.648067,1.0,1.0,1.0,WY,E3,G1,S3,1.0,T,0
4936,135.0,1.932369,0.0,0.0,2.0,WY,E3,G1,S3,1.0,T,0
4937,90.0,2.814354,0.0,0.0,2.0,WY,E3,G1,S3,1.0,T,0
4938,90.0,2.032913,0.0,0.0,0.0,WY,E3,G1,S3,1.0,T,0
4939,90.0,1.750141,1.0,1.0,2.0,WY,E3,G1,S3,1.0,T,0
4940,45.0,2.214474,1.0,1.0,2.0,WY,E3,G1,S3,1.0,T,0
4941,45.0,2.559326,1.0,1.0,1.0,WY,E3,G1,S3,1.0,T,0
4942,0.0,1.946407,0.0,0.0,2.0,WY,E3,G1,S3,1.0,T,0
4943,180.0,2.510033,1.0,1.0,0.0,WY,E3,G1,S3,1.0,T,0
4944,90.0,2.278046,0.0,0.0,0.0,WY,E3,G1,S3,1.0,T,0
4945,90.0,2.122879,1.0,1.0,2.0,WY,E3,G1,S3,1.0,T,0
4946,135.0,2.268929,0.0,0.0,0.0,WY,E3,G1,S3,1.0,T,0
4947,45.0,1.930817,0.0,0.0,0.0,WY,E3,G1,S3,1.0,T,0
4948,135.0,3.562614,1.0,1.0,1.0,WY,E3,G1,S3,1.0,T,0
4949,45.0,1.842636,0.0,0.0,2.0,WY,E3,G1,S3,1.0,T,0
4950,0.0,1.918198,1.0,1.0,2.0,WY,E3,G1,S3,1.0,T,0
4951,180.0,1.812576,0.0,0.0,2.0,WY,E3,G1,S3,1.0,T,0
4952,180.0,2.72551,1.0,1.0,1.0,WY,E3,G1,S3,1.0,T,0
4953,45.0,2.033669,0.0,0.0,1.0,WY,E3,G1,S3,1.0,T,0
4954,45.0,2.012642,1.0,1.0,2.0,WY,E3,G1,S3,1.0,T,0
4955,45.0,2.979431,1.0,1.0,1.0,WY,E3,G1,S3,1.0,T,0
4956,135.0,2.411995,1.0,1.0,2.0,WY,E3,G1,S3,1.0,T,0
4957,90.0,2.927155,0.0,0.0,1.0,WY,E3,G1,S3,1.0,T,0
4958,90.0,2.122643,1.0,1.0,0.0,WY,E3,G1,S3,1.0,T,0
4959,0.0,1.86676,1.0,1.0,0.0,WY,E3,G1,S3,1.0,T,0
4960,180.0,3.349579,1.0,1.0,1.0,WY,E3,G1,S3,1.0,T,0
4961,45.0,1.887604,0.0,0.0,0.0,WY,E3,G1,S3,1.0,T,0
4962,180.0,6.523949,0.0,0.0,0.0,WY,E3,G1,S3,1.0,T,0
4963,135.0,2.2658,1.0,1.0,0.0,WY,E3,G1,S3,1.0,T,0
4964,45.0,1.889778,0.0,0.0,2.0,WY,E3,G1,S3,1.0,T,0
4965,135.0,0.04483032,0.0,0.0,0.0,WY,E3,G1,S3,1.0,T,0
4967,90.0,2.680656,1.0,1.0,1.0,WY,E3,G1,S3,1.0,T,0
4968,0.0,0.02155304,0.0,0.0,2.0,WY,E3,G1,S3,1.0,T,0
4971,180.0,4.422478,0.0,0.0,0.0,WY,E3,G1,S3,1.0,T,0
4972,180.0,2.525269,1.0,1.0,2.0,WY,E3,G1,S3,1.0,T,0
4973,45.0,4.212433,0.0,0.0,1.0,WY,E3,G1,S3,1.0,T,0
4975,135.0,1.92128,0.0,0.0,2.0,WY,E3,G1,S3,1.0,T,0
4976,0.0,2.27858,0.0,0.0,0.0,WY,E3,G1,S3,1.0,T,0
4977,90.0,3.469879,0.0,0.0,1.0,WY,E3,G1,S3,1.0,T,0
4978,135.0,2.294296,1.0,1.0,0.0,WY,E3,G1,S3,1.0,T,0
4979,135.0,1.931564,0.0,0.0,1.0,WY,E3,G1,S3,1.0,T,0
6240,0.0,2.860495,0.0,0.0,1.0,DH,E3,G1,S1,1.0,T,0
6241,135.0,2.838795,0.0,0.0,0.0,DH,E3,G1,S1,1.0,T,0
6242,90.0,8.67086,0.0,0.0,2.0,DH,E3,G1,S1,1.0,T,0
6244,180.0,3.897919,1.0,1.0,0.0,DH,E3,G1,S1,1.0,T,0
6245,135.0,4.065647,0.0,0.0,1.0,DH,E3,G1,S1,1.0,T,0
6247,45.0,3.972462,0.0,0.0,2.0,DH,E3,G1,S1,1.0,T,0
6248,0.0,4.038239,1.0,1.0,2.0,DH,E3,G1,S1,1.0,T,0
6249,180.0,2.715546,1.0,1.0,1.0,DH,E3,G1,S1,1.0,T,0
6250,0.0,2.005653,1.0,1.0,0.0,DH,E3,G1,S1,1.0,T,0
6251,90.0,2.448357,0.0,0.0,0.0,DH,E3,G1,S1,1.0,T,0
6253,0.0,3.14431,0.0,0.0,2.0,DH,E3,G1,S1,1.0,T,0
6254,180.0,3.266312,1.0,1.0,0.0,DH,E3,G1,S1,1.0,T,0
6255,45.0,2.257225,0.0,0.0,0.0,DH,E3,G1,S1,1.0,T,0
6256,90.0,4.086868,1.0,1.0,1.0,DH,E3,G1,S1,1.0,T,0
6257,0.0,2.898811,0.0,0.0,1.0,DH,E3,G1,S1,1.0,T,0
6258,135.0,3.502113,1.0,1.0,0.0,DH,E3,G1,S1,1.0,T,0
6259,45.0,2.490913,1.0,1.0,0.0,DH,E3,G1,S1,1.0,T,0
6260,135.0,2.223083,0.0,0.0,0.0,DH,E3,G1,S1,1.0,T,0
6261,135.0,3.898048,0.0,0.0,2.0,DH,E3,G1,S1,1.0,T,0
6262,135.0,2.587029,1.0,1.0,0.0,DH,E3,G1,S1,1.0,T,0
6263,45.0,2.311722,0.0,0.0,0.0,DH,E3,G1,S1,1.0,T,0
6264,135.0,2.584885,1.0,1.0,2.0,DH,E3,G1,S1,1.0,T,0
6265,0.0,2.05497,0.0,0.0,0.0,DH,E3,G1,S1,1.0,T,0
6267,90.0,2.633156,0.0,0.0,0.0,DH,E3,G1,S1,1.0,T,0
6268,180.0,3.151741,0.0,0.0,2.0,DH,E3,G1,S1,1.0,T,0
6269,90.0,3.492477,0.0,0.0,2.0,DH,E3,G1,S1,1.0,T,0
6270,180.0,2.84082,1.0,1.0,2.0,DH,E3,G1,S1,1.0,T,0
6271,45.0,3.179886,0.0,0.0,1.0,DH,E3,G1,S1,1.0,T,0
6272,0.0,2.346664,0.0,0.0,2.0,DH,E3,G1,S1,1.0,T,0
6273,180.0,2.634293,0.0,0.0,2.0,DH,E3,G1,S1,1.0,T,0
6274,180.0,2.593414,0.0,0.0,0.0,DH,E3,G1,S1,1.0,T,0
6275,135.0,2.688004,1.0,1.0,1.0,DH,E3,G1,S1,1.0,T,0
6276,135.0,2.980972,0.0,0.0,2.0,DH,E3,G1,S1,1.0,T,0
6278,90.0,2.225464,0.0,0.0,1.0,DH,E3,G1,S1,1.0,T,0
6279,180.0,1.678604,0.0,0.0,1.0,DH,E3,G1,S1,1.0,T,0
6280,90.0,2.419846,1.0,1.0,0.0,DH,E3,G1,S1,1.0,T,0
6281,180.0,5.325653,1.0,1.0,1.0,DH,E3,G1,S1,1.0,T,0
6282,45.0,6.243378,1.0,1.0,2.0,DH,E3,G1,S1,1.0,T,0
6283,0.0,2.156067,1.0,1.0,2.0,DH,E3,G1,S1,1.0,T,0
6284,180.0,2.307678,0.0,0.0,1.0,DH,E3,G1,S1,1.0,T,0
6285,45.0,2.406189,1.0,1.0,1.0,DH,E3,G1,S1,1.0,T,0
6286,135.0,2.62532,1.0,1.0,2.0,DH,E3,G1,S1,1.0,T,0
6287,0.0,2.031448,1.0,1.0,0.0,DH,E3,G1,S1,1.0,T,0
6288,90.0,2.146988,1.0,1.0,0.0,DH,E3,G1,S1,1.0,T,0
6289,0.0,2.802887,1.0,1.0,1.0,DH,E3,G1,S1,1.0,T,0
6290,135.0,2.445389,1.0,1.0,1.0,DH,E3,G1,S1,1.0,T,0
6291,45.0,2.223236,0.0,0.0,1.0,DH,E3,G1,S1,1.0,T,0
6292,180.0,2.446045,1.0,1.0,2.0,DH,E3,G1,S1,1.0,T,0
6293,45.0,2.491196,1.0,1.0,1.0,DH,E3,G1,S1,1.0,T,0
6294,45.0,2.547058,1.0,1.0,2.0,DH,E3,G1,S1,1.0,T,0
6295,0.0,1.808289,0.0,0.0,0.0,DH,E3,G1,S1,1.0,T,0
6297,45.0,2.442078,1.0,1.0,0.0,DH,E3,G1,S1,1.0,T,0
6298,45.0,2.846146,0.0,0.0,2.0,DH,E3,G1,S1,1.0,T,0
6299,180.0,4.474609,0.0,0.0,0.0,DH,E3,G1,S1,1.0,T,0
6301,0.0,2.453106,0.0,0.0,1.0,DH,E1,G1,S2,1.0,B,0
6302,180.0,1.989166,0.0,0.0,2.0,DH,E1,G1,S2,1.0,B,0
6303,135.0,2.059452,0.0,0.0,2.0,DH,E1,G1,S2,1.0,B,0
6304,45.0,1.985081,1.0,1.0,2.0,DH,E1,G1,S2,1.0,B,0
6305,135.0,1.877991,0.0,0.0,1.0,DH,E1,G1,S2,1.0,B,0
6306,180.0,1.560585,1.0,1.0,1.0,DH,E1,G1,S2,1.0,B,0
6307,90.0,1.935665,1.0,1.0,2.0,DH,E1,G1,S2,1.0,B,0
6308,90.0,2.021996,1.0,1.0,2.0,DH,E1,G1,S2,1.0,B,0
6309,90.0,2.141449,0.0,0.0,1.0,DH,E1,G1,S2,1.0,B,0
6310,45.0,2.225563,1.0,1.0,0.0,DH,E1,G1,S2,1.0,B,0
6311,90.0,2.211311,0.0,0.0,2.0,DH,E1,G1,S2,1.0,B,0
6312,0.0,2.381142,1.0,1.0,2.0,DH,E1,G1,S2,1.0,B,0
6313,0.0,4.265694,0.0,0.0,0.0,DH,E1,G1,S2,1.0,B,0
6314,180.0,2.936096,0.0,0.0,0.0,DH,E1,G1,S2,1.0,B,0
6315,135.0,2.258591,1.0,1.0,0.0,DH,E1,G1,S2,1.0,B,0
6316,0.0,3.171463,1.0,1.0,1.0,DH,E1,G1,S2,1.0,B,0
6317,180.0,1.562225,1.0,1.0,1.0,DH,E1,G1,S2,1.0,B,0
6318,135.0,2.411705,0.0,0.0,2.0,DH,E1,G1,S2,1.0,B,0
6319,135.0,2.690247,0.0,0.0,0.0,DH,E1,G1,S2,1.0,B,0
6320,0.0,2.21608,0.0,0.0,1.0,DH,E1,G1,S2,1.0,B,0
6321,135.0,1.787209,1.0,1.0,1.0,DH,E1,G1,S2,1.0,B,0
6322,45.0,2.675888,0.0,0.0,1.0,DH,E1,G1,S2,1.0,B,0
6323,180.0,1.541336,0.0,0.0,1.0,DH,E1,G1,S2,1.0,B,0
6324,90.0,1.981514,0.0,0.0,1.0,DH,E1,G1,S2,1.0,B,0
6325,90.0,1.557266,1.0,1.0,1.0,DH,E1,G1,S2,1.0,B,0
6326,135.0,1.558128,0.0,0.0,1.0,DH,E1,G1,S2,1.0,B,0
6327,135.0,1.855064,1.0,1.0,2.0,DH,E1,G1,S2,1.0,B,0
6328,135.0,2.187881,0.0,0.0,0.0,DH,E1,G1,S2,1.0,B,0
6329,180.0,3.955963,1.0,1.0,0.0,DH,E1,G1,S2,1.0,B,0
6330,180.0,2.72673,1.0,1.0,0.0,DH,E1,G1,S2,1.0,B,0
6331,45.0,2.36554,1.0,1.0,2.0,DH,E1,G1,S2,1.0,B,0
6332,90.0,2.048264,0.0,0.0,2.0,DH,E1,G1,S2,1.0,B,0
6333,135.0,3.078362,1.0,1.0,0.0,DH,E1,G1,S2,1.0,B,0
6334,0.0,2.63678,0.0,0.0,2.0,DH,E1,G1,S2,1.0,B,0
6335,135.0,0.1183777,1.0,1.0,1.0,DH,E1,G1,S2,1.0,B,0
6337,90.0,2.031448,1.0,1.0,0.0,DH,E1,G1,S2,1.0,B,0
6338,180.0,7.184273,0.0,0.0,1.0,DH,E1,G1,S2,1.0,B,0
6339,0.0,2.304276,0.0,0.0,2.0,DH,E1,G1,S2,1.0,B,0
6342,90.0,2.255341,0.0,0.0,0.0,DH,E1,G1,S2,1.0,B,0
6343,45.0,2.422989,1.0,1.0,0.0,DH,E1,G1,S2,1.0,B,0
6344,90.0,2.131454,1.0,1.0,1.0,DH,E1,G1,S2,1.0,B,0
6345,45.0,2.727921,1.0,1.0,1.0,DH,E1,G1,S2,1.0,B,0
6346,45.0,3.214005,0.0,0.0,2.0,DH,E1,G1,S2,1.0,B,0
6348,180.0,1.655243,1.0,1.0,2.0,DH,E1,G1,S2,1.0,B,0
6349,90.0,4.120331,1.0,1.0,0.0,DH,E1,G1,S2,1.0,B,0
6350,90.0,2.088943,0.0,0.0,0.0,DH,E1,G1,S2,1.0,B,0
6351,180.0,1.787964,1.0,1.0,2.0,DH,E1,G1,S2,1.0,B,0
6352,45.0,2.162918,0.0,0.0,2.0,DH,E1,G1,S2,1.0,B,0
6353,45.0,2.238007,0.0,0.0,1.0,DH,E1,G1,S2,1.0,B,0
6354,0.0,1.920609,1.0,1.0,1.0,DH,E1,G1,S2,1.0,B,0
6355,45.0,1.81012,0.0,0.0,0.0,DH,E1,G1,S2,1.0,B,0
6356,0.0,2.033051,1.0,1.0,2.0,DH,E1,G1,S2,1.0,B,0
6357,45.0,2.07724,0.0,0.0,0.0,DH,E1,G1,S2,1.0,B,0
6358,135.0,2.11853,1.0,1.0,2.0,DH,E1,G1,S2,1.0,B,0
6359,45.0,1.813965,1.0,1.0,1.0,DH,E1,G1,S2,1.0,B,0
6361,0.0,1.943554,0.0,0.0,1.0,DH,E1,G1,S3,1.0,B,0
6362,180.0,1.764656,0.0,0.0,2.0,DH,E1,G1,S3,1.0,B,0
6363,135.0,1.648872,0.0,0.0,2.0,DH,E1,G1,S3,1.0,B,0
6364,45.0,1.721256,1.0,1.0,2.0,DH,E1,G1,S3,1.0,B,0
6365,135.0,1.733616,0.0,0.0,1.0,DH,E1,G1,S3,1.0,B,0
6366,180.0,1.508892,1.0,1.0,1.0,DH,E1,G1,S3,1.0,B,0
6367,90.0,1.709267,1.0,1.0,2.0,DH,E1,G1,S3,1.0,B,0
6368,90.0,2.083168,1.0,1.0,2.0,DH,E1,G1,S3,1.0,B,0
6369,90.0,1.658066,0.0,0.0,1.0,DH,E1,G1,S3,1.0,B,0
6371,90.0,2.489937,0.0,0.0,2.0,DH,E1,G1,S3,1.0,B,0
6372,0.0,1.865845,1.0,1.0,2.0,DH,E1,G1,S3,1.0,B,0
6373,0.0,3.117508,0.0,0.0,0.0,DH,E1,G1,S3,1.0,B,0
6374,180.0,2.343918,0.0,0.0,0.0,DH,E1,G1,S3,1.0,B,0
6375,135.0,2.189926,1.0,1.0,0.0,DH,E1,G1,S3,1.0,B,0
6376,0.0,2.132141,1.0,1.0,1.0,DH,E1,G1,S3,1.0,B,0
6377,180.0,1.518372,1.0,1.0,1.0,DH,E1,G1,S3,1.0,B,0
6378,135.0,1.778267,0.0,0.0,2.0,DH,E1,G1,S3,1.0,B,0
6379,135.0,3.269325,0.0,0.0,0.0,DH,E1,G1,S3,1.0,B,0
6380,0.0,4.025024,0.0,0.0,1.0,DH,E1,G1,S3,1.0,B,0
6381,135.0,1.588333,1.0,1.0,1.0,DH,E1,G1,S3,1.0,B,0
6382,45.0,1.76548,0.0,0.0,1.0,DH,E1,G1,S3,1.0,B,0
6383,180.0,1.503792,0.0,0.0,1.0,DH,E1,G1,S3,1.0,B,0
6384,90.0,2.040154,0.0,0.0,1.0,DH,E1,G1,S3,1.0,B,0
6385,90.0,1.590935,1.0,1.0,1.0,DH,E1,G1,S3,1.0,B,0
6386,135.0,1.83242,0.0,0.0,1.0,DH,E1,G1,S3,1.0,B,0
6387,135.0,1.807625,1.0,1.0,2.0,DH,E1,G1,S3,1.0,B,0
6388,135.0,1.999466,0.0,0.0,0.0,DH,E1,G1,S3,1.0,B,0
6389,180.0,2.23613,1.0,1.0,0.0,DH,E1,G1,S3,1.0,B,0
6390,180.0,1.709038,1.0,1.0,0.0,DH,E1,G1,S3,1.0,B,0
6391,45.0,2.041443,1.0,1.0,2.0,DH,E1,G1,S3,1.0,B,0
6392,90.0,1.921791,0.0,0.0,2.0,DH,E1,G1,S3,1.0,B,0
6393,135.0,2.178024,1.0,1.0,0.0,DH,E1,G1,S3,1.0,B,0
6394,0.0,2.470528,0.0,0.0,2.0,DH,E1,G1,S3,1.0,B,0
6395,135.0,2.031013,1.0,1.0,1.0,DH,E1,G1,S3,1.0,B,0
6396,180.0,1.799843,0.0,0.0,2.0,DH,E1,G1,S3,1.0,B,0
6397,90.0,3.205132,1.0,1.0,0.0,DH,E1,G1,S3,1.0,B,0
6398,180.0,1.685646,0.0,0.0,1.0,DH,E1,G1,S3,1.0,B,0
6399,0.0,2.644363,0.0,0.0,2.0,DH,E1,G1,S3,1.0,B,0
6400,0.0,1.801376,1.0,1.0,0.0,DH,E1,G1,S3,1.0,B,0
6401,180.0,2.107422,0.0,0.0,0.0,DH,E1,G1,S3,1.0,B,0
6402,90.0,2.22644,0.0,0.0,0.0,DH,E1,G1,S3,1.0,B,0
6403,45.0,1.743851,1.0,1.0,0.0,DH,E1,G1,S3,1.0,B,0
6404,90.0,2.199707,1.0,1.0,1.0,DH,E1,G1,S3,1.0,B,0
6405,45.0,1.71933,1.0,1.0,1.0,DH,E1,G1,S3,1.0,B,0
6406,45.0,2.345352,0.0,0.0,2.0,DH,E1,G1,S3,1.0,B,0
6407,0.0,2.743988,0.0,0.0,0.0,DH,E1,G1,S3,1.0,B,0
6408,180.0,1.559708,1.0,1.0,2.0,DH,E1,G1,S3,1.0,B,0
6409,90.0,2.040054,1.0,1.0,0.0,DH,E1,G1,S3,1.0,B,0
6410,90.0,2.390488,0.0,0.0,0.0,DH,E1,G1,S3,1.0,B,0
6411,180.0,1.621872,1.0,1.0,2.0,DH,E1,G1,S3,1.0,B,0
6412,45.0,2.131775,0.0,0.0,2.0,DH,E1,G1,S3,1.0,B,0
6413,45.0,3.39183,0.0,0.0,1.0,DH,E1,G1,S3,1.0,B,0
6414,0.0,2.829376,1.0,1.0,1.0,DH,E1,G1,S3,1.0,B,0
6415,45.0,1.775803,0.0,0.0,0.0,DH,E1,G1,S3,1.0,B,0
6416,0.0,1.990509,1.0,1.0,2.0,DH,E1,G1,S3,1.0,B,0
6417,45.0,1.896591,0.0,0.0,0.0,DH,E1,G1,S3,1.0,B,0
6419,45.0,1.708588,1.0,1.0,1.0,DH,E1,G1,S3,1.0,B,0
7020,0.0,2.887984,1.0,1.0,1.0,DH,E3,G1,S2,1.0,T,0
7021,135.0,3.7985,0.0,0.0,1.0,DH,E3,G1,S2,1.0,T,0
7022,90.0,1.84284,1.0,1.0,1.0,DH,E3,G1,S2,1.0,T,0
7024,45.0,2.562529,0.0,0.0,1.0,DH,E3,G1,S2,1.0,T,0
7025,135.0,1.908434,0.0,0.0,1.0,DH,E3,G1,S2,1.0,T,0
7026,135.0,9.897791,1.0,1.0,2.0,DH,E3,G1,S2,1.0,T,0
7027,180.0,2.054859,1.0,1.0,1.0,DH,E3,G1,S2,1.0,T,0
7028,45.0,2.726784,1.0,1.0,1.0,DH,E3,G1,S2,1.0,T,0
7030,0.0,9.084332,0.0,0.0,2.0,DH,E3,G1,S2,1.0,T,0
7031,180.0,3.381706,1.0,1.0,2.0,DH,E3,G1,S2,1.0,T,0
7032,180.0,2.48008,1.0,1.0,1.0,DH,E3,G1,S2,1.0,T,0
7033,180.0,2.389946,0.0,0.0,0.0,DH,E3,G1,S2,1.0,T,0
7034,90.0,2.333633,0.0,0.0,1.0,DH,E3,G1,S2,1.0,T,0
7035,0.0,2.188889,1.0,1.0,0.0,DH,E3,G1,S2,1.0,T,0
7036,135.0,3.440102,0.0,0.0,2.0,DH,E3,G1,S2,1.0,T,0
7037,180.0,2.91674,0.0,0.0,1.0,DH,E3,G1,S2,1.0,T,0
7038,45.0,1.854713,0.0,0.0,0.0,DH,E3,G1,S2,1.0,T,0
7041,135.0,2.938004,0.0,0.0,0.0,DH,E3,G1,S2,1.0,T,0
7042,0.0,2.534836,0.0,0.0,1.0,DH,E3,G1,S2,1.0,T,0
7043,45.0,7.294312,0.0,0.0,2.0,DH,E3,G1,S2,1.0,T,0
7044,135.0,2.39991,1.0,1.0,1.0,DH,E3,G1,S2,1.0,T,0
7045,0.0,1.900589,0.0,0.0,0.0,DH,E3,G1,S2,1.0,T,0
7046,45.0,1.708626,1.0,1.0,0.0,DH,E3,G1,S2,1.0,T,0
7047,180.0,2.247627,0.0,0.0,0.0,DH,E3,G1,S2,1.0,T,0
7049,45.0,2.135536,1.0,1.0,2.0,DH,E3,G1,S2,1.0,T,0
7050,0.0,2.154335,0.0,0.0,2.0,DH,E3,G1,S2,1.0,T,0
7051,0.0,2.178635,0.0,0.0,1.0,DH,E3,G1,S2,1.0,T,0
7052,90.0,1.977463,1.0,1.0,0.0,DH,E3,G1,S2,1.0,T,0
7053,180.0,2.401688,1.0,1.0,2.0,DH,E3,G1,S2,1.0,T,0
7054,135.0,1.978348,0.0,0.0,0.0,DH,E3,G1,S2,1.0,T,0
7055,180.0,2.740967,1.0,1.0,0.0,DH,E3,G1,S2,1.0,T,0
7056,180.0,3.531433,0.0,0.0,1.0,DH,E3,G1,S2,1.0,T,0
7057,90.0,2.372299,0.0,0.0,1.0,DH,E3,G1,S2,1.0,T,0
7058,0.0,2.110596,1.0,1.0,2.0,DH,E3,G1,S2,1.0,T,0
7059,90.0,1.864975,0.0,0.0,0.0,DH,E3,G1,S2,1.0,T,0
7060,180.0,2.021637,1.0,1.0,0.0,DH,E3,G1,S2,1.0,T,0
7061,45.0,2.245331,1.0,1.0,1.0,DH,E3,G1,S2,1.0,T,0
7062,90.0,2.009705,1.0,1.0,2.0,DH,E3,G1,S2,1.0,T,0
7063,0.0,1.761353,1.0,1.0,2.0,DH,E3,G1,S2,1.0,T,0
7064,135.0,1.658203,1.0,1.0,2.0,DH,E3,G1,S2,1.0,T,0
7065,90.0,2.407516,1.0,1.0,1.0,DH,E3,G1,S2,1.0,T,0
7066,90.0,2.574173,1.0,1.0,2.0,DH,E3,G1,S2,1.0,T,0
7067,0.0,2.494919,1.0,1.0,1.0,DH,E3,G1,S2,1.0,T,0
7069,0.0,1.734833,1.0,1.0,0.0,DH,E3,G1,S2,1.0,T,0
7070,90.0,2.267487,0.0,0.0,2.0,DH,E3,G1,S2,1.0,T,0
7071,90.0,1.86441,1.0,1.0,0.0,DH,E3,G1,S2,1.0,T,0
7072,135.0,2.143616,1.0,1.0,1.0,DH,E3,G1,S2,1.0,T,0
7073,135.0,1.944397,1.0,1.0,0.0,DH,E3,G1,S2,1.0,T,0
7074,45.0,1.756348,1.0,1.0,0.0,DH,E3,G1,S2,1.0,T,0
7075,45.0,1.70726,0.0,0.0,0.0,DH,E3,G1,S2,1.0,T,0
7076,90.0,2.413574,0.0,0.0,0.0,DH,E3,G1,S2,1.0,T,0
7077,0.0,1.527267,0.0,0.0,0.0,DH,E3,G1,S2,1.0,T,0
7078,135.0,1.743622,1.0,1.0,0.0,DH,E3,G1,S2,1.0,T,0
7079,45.0,2.458893,0.0,0.0,2.0,DH,E3,G1,S2,1.0,T,0
7080,0.0,3.356163,1.0,1.0,1.0,DH,E3,G1,S3,1.0,T,0
7081,135.0,1.913881,0.0,0.0,1.0,DH,E3,G1,S3,1.0,T,0
7082,90.0,1.910244,1.0,1.0,1.0,DH,E3,G1,S3,1.0,T,0
7083,90.0,2.379419,0.0,0.0,2.0,DH,E3,G1,S3,1.0,T,0
7084,45.0,2.077967,0.0,0.0,1.0,DH,E3,G1,S3,1.0,T,0
7085,135.0,1.764824,0.0,0.0,1.0,DH,E3,G1,S3,1.0,T,0
7086,135.0,1.976864,1.0,1.0,2.0,DH,E3,G1,S3,1.0,T,0
7087,180.0,1.836357,1.0,1.0,1.0,DH,E3,G1,S3,1.0,T,0
7089,180.0,1.96933,0.0,0.0,2.0,DH,E3,G1,S3,1.0,T,0
7090,0.0,1.65239,0.0,0.0,2.0,DH,E3,G1,S3,1.0,T,0
7091,180.0,1.6982,1.0,1.0,2.0,DH,E3,G1,S3,1.0,T,0
7092,180.0,1.765438,1.0,1.0,1.0,DH,E3,G1,S3,1.0,T,0
7093,180.0,2.431705,0.0,0.0,0.0,DH,E3,G1,S3,1.0,T,0
7094,90.0,2.139618,0.0,0.0,1.0,DH,E3,G1,S3,1.0,T,0
7095,0.0,3.591702,1.0,1.0,0.0,DH,E3,G1,S3,1.0,T,0
7097,180.0,1.845943,0.0,0.0,1.0,DH,E3,G1,S3,1.0,T,0
7098,45.0,1.59478,0.0,0.0,0.0,DH,E3,G1,S3,1.0,T,0
7099,135.0,1.855148,0.0,0.0,2.0,DH,E3,G1,S3,1.0,T,0
7100,45.0,1.798969,1.0,1.0,2.0,DH,E3,G1,S3,1.0,T,0
7101,135.0,2.030468,0.0,0.0,0.0,DH,E3,G1,S3,1.0,T,0
7102,0.0,2.581905,0.0,0.0,1.0,DH,E3,G1,S3,1.0,T,0
7103,45.0,1.954552,0.0,0.0,2.0,DH,E3,G1,S3,1.0,T,0
7104,135.0,1.778267,1.0,1.0,1.0,DH,E3,G1,S3,1.0,T,0
7105,0.0,1.65654,0.0,0.0,0.0,DH,E3,G1,S3,1.0,T,0
7106,45.0,1.636826,1.0,1.0,0.0,DH,E3,G1,S3,1.0,T,0
7107,180.0,1.69751,0.0,0.0,0.0,DH,E3,G1,S3,1.0,T,0
7108,180.0,1.812126,0.0,0.0,2.0,DH,E3,G1,S3,1.0,T,0
7109,45.0,1.605278,1.0,1.0,2.0,DH,E3,G1,S3,1.0,T,0
7110,0.0,1.597359,0.0,0.0,2.0,DH,E3,G1,S3,1.0,T,0
7111,0.0,2.129631,0.0,0.0,1.0,DH,E3,G1,S3,1.0,T,0
7112,90.0,1.778297,1.0,1.0,0.0,DH,E3,G1,S3,1.0,T,0
7113,180.0,2.716049,1.0,1.0,2.0,DH,E3,G1,S3,1.0,T,0
7114,135.0,2.22863,0.0,0.0,0.0,DH,E3,G1,S3,1.0,T,0
7115,180.0,2.138634,1.0,1.0,0.0,DH,E3,G1,S3,1.0,T,0
7116,180.0,1.927742,0.0,0.0,1.0,DH,E3,G1,S3,1.0,T,0
7117,90.0,1.658653,0.0,0.0,1.0,DH,E3,G1,S3,1.0,T,0
7118,0.0,2.068291,1.0,1.0,2.0,DH,E3,G1,S3,1.0,T,0
7119,90.0,1.628448,0.0,0.0,0.0,DH,E3,G1,S3,1.0,T,0
7120,180.0,1.992004,1.0,1.0,0.0,DH,E3,G1,S3,1.0,T,0
7121,45.0,1.939735,1.0,1.0,1.0,DH,E3,G1,S3,1.0,T,0
7122,90.0,2.042412,1.0,1.0,2.0,DH,E3,G1,S3,1.0,T,0
7123,0.0,1.672089,1.0,1.0,2.0,DH,E3,G1,S3,1.0,T,0
7124,135.0,1.546806,1.0,1.0,2.0,DH,E3,G1,S3,1.0,T,0
7125,90.0,1.798233,1.0,1.0,1.0,DH,E3,G1,S3,1.0,T,0
7126,90.0,2.288155,1.0,1.0,2.0,DH,E3,G1,S3,1.0,T,0
7127,0.0,2.662827,1.0,1.0,1.0,DH,E3,G1,S3,1.0,T,0
7128,45.0,2.107819,0.0,0.0,1.0,DH,E3,G1,S3,1.0,T,0
7129,0.0,1.731064,1.0,1.0,0.0,DH,E3,G1,S3,1.0,T,0
7130,90.0,1.794983,0.0,0.0,2.0,DH,E3,G1,S3,1.0,T,0
7131,90.0,1.729492,1.0,1.0,0.0,DH,E3,G1,S3,1.0,T,0
7132,135.0,1.713081,1.0,1.0,1.0,DH,E3,G1,S3,1.0,T,0
7133,135.0,1.666275,1.0,1.0,0.0,DH,E3,G1,S3,1.0,T,0
7134,45.0,1.65123,1.0,1.0,0.0,DH,E3,G1,S3,1.0,T,0
7135,45.0,1.694069,0.0,0.0,0.0,DH,E3,G1,S3,1.0,T,0
7136,90.0,1.612404,0.0,0.0,0.0,DH,E3,G1,S3,1.0,T,0
7137,0.0,1.440781,0.0,0.0,0.0,DH,E3,G1,S3,1.0,T,0
7139,45.0,1.839645,0.0,0.0,2.0,DH,E3,G1,S3,1.0,T,0
7263,90.0,7.961937,0.0,0.0,2.0,AH,E1,G1,S1,1.0,B,0
7264,45.0,3.432014,0.0,0.0,1.0,AH,E1,G1,S1,1.0,B,0
7265,135.0,1.98233,0.0,0.0,1.0,AH,E1,G1,S1,1.0,B,0
7266,135.0,2.31958,1.0,1.0,2.0,AH,E1,G1,S1,1.0,B,0
7267,180.0,2.103271,1.0,1.0,1.0,AH,E1,G1,S1,1.0,B,0
7268,45.0,2.732147,1.0,1.0,1.0,AH,E1,G1,S1,1.0,B,0
7269,180.0,2.551331,0.0,0.0,2.0,AH,E1,G1,S1,1.0,B,0
7270,0.0,1.774277,0.0,0.0,2.0,AH,E1,G1,S1,1.0,B,0
7271,180.0,1.739609,1.0,1.0,2.0,AH,E1,G1,S1,1.0,B,0
7272,180.0,1.664413,1.0,1.0,1.0,AH,E1,G1,S1,1.0,B,0
7273,180.0,2.959183,0.0,0.0,0.0,AH,E1,G1,S1,1.0,B,0
7274,90.0,2.504196,0.0,0.0,1.0,AH,E1,G1,S1,1.0,B,0
7275,0.0,2.591171,1.0,1.0,0.0,AH,E1,G1,S1,1.0,B,0
7276,135.0,2.01059,0.0,0.0,2.0,AH,E1,G1,S1,1.0,B,0
7277,180.0,1.634262,0.0,0.0,1.0,AH,E1,G1,S1,1.0,B,0
7278,45.0,2.25177,0.0,0.0,0.0,AH,E1,G1,S1,1.0,B,0
7279,135.0,1.742126,0.0,0.0,2.0,AH,E1,G1,S1,1.0,B,0
7280,45.0,1.830917,1.0,1.0,2.0,AH,E1,G1,S1,1.0,B,0
7281,135.0,1.969284,0.0,0.0,0.0,AH,E1,G1,S1,1.0,B,0
7282,0.0,1.852341,0.0,0.0,1.0,AH,E1,G1,S1,1.0,B,0
7283,45.0,1.898712,0.0,0.0,2.0,AH,E1,G1,S1,1.0,B,0
7284,135.0,2.445358,1.0,1.0,1.0,AH,E1,G1,S1,1.0,B,0
7285,0.0,1.952438,0.0,0.0,0.0,AH,E1,G1,S1,1.0,B,0
7286,45.0,2.154297,1.0,1.0,0.0,AH,E1,G1,S1,1.0,B,0
7287,180.0,1.76944,0.0,0.0,0.0,AH,E1,G1,S1,1.0,B,0
7288,180.0,1.776566,0.0,0.0,2.0,AH,E1,G1,S1,1.0,B,0
7289,45.0,1.949783,1.0,1.0,2.0,AH,E1,G1,S1,1.0,B,0
7290,0.0,2.347839,0.0,0.0,2.0,AH,E1,G1,S1,1.0,B,0
7291,0.0,1.956879,0.0,0.0,1.0,AH,E1,G1,S1,1.0,B,0
7292,90.0,1.977325,1.0,1.0,0.0,AH,E1,G1,S1,1.0,B,0
7293,180.0,2.100739,1.0,1.0,2.0,AH,E1,G1,S1,1.0,B,0
7294,135.0,1.820587,0.0,0.0,0.0,AH,E1,G1,S1,1.0,B,0
7295,180.0,3.093338,1.0,1.0,0.0,AH,E1,G1,S1,1.0,B,0
7296,180.0,1.596588,0.0,0.0,1.0,AH,E1,G1,S1,1.0,B,0
7297,90.0,1.69957,0.0,0.0,1.0,AH,E1,G1,S1,1.0,B,0
7298,0.0,2.280304,1.0,1.0,2.0,AH,E1,G1,S1,1.0,B,0
7299,90.0,1.952026,0.0,0.0,0.0,AH,E1,G1,S1,1.0,B,0
7300,180.0,1.899063,1.0,1.0,0.0,AH,E1,G1,S1,1.0,B,0
7301,45.0,2.436554,1.0,1.0,1.0,AH,E1,G1,S1,1.0,B,0
7302,90.0,2.175461,1.0,1.0,2.0,AH,E1,G1,S1,1.0,B,0
7303,0.0,2.279404,1.0,1.0,2.0,AH,E1,G1,S1,1.0,B,0
7304,135.0,2.100021,1.0,1.0,2.0,AH,E1,G1,S1,1.0,B,0
7305,90.0,1.74852,1.0,1.0,1.0,AH,E1,G1,S1,1.0,B,0
7306,90.0,2.072311,1.0,1.0,2.0,AH,E1,G1,S1,1.0,B,0
7307,0.0,1.786682,1.0,1.0,1.0,AH,E1,G1,S1,1.0,B,0
7308,45.0,1.77562,0.0,0.0,1.0,AH,E1,G1,S1,1.0,B,0
7309,0.0,2.087769,1.0,1.0,0.0,AH,E1,G1,S1,1.0,B,0
7310,90.0,1.975769,0.0,0.0,2.0,AH,E1,G1,S1,1.0,B,0
7312,135.0,2.259567,1.0,1.0,1.0,AH,E1,G1,S1,1.0,B,0
7313,135.0,3.278839,1.0,1.0,0.0,AH,E1,G1,S1,1.0,B,0
7314,45.0,2.126083,1.0,1.0,0.0,AH,E1,G1,S1,1.0,B,0
7315,45.0,3.688797,0.0,0.0,0.0,AH,E1,G1,S1,1.0,B,0
7316,90.0,2.019424,0.0,0.0,0.0,AH,E1,G1,S1,1.0,B,0
7317,0.0,2.31102,0.0,0.0,0.0,AH,E1,G1,S1,1.0,B,0
7318,135.0,2.078217,1.0,1.0,0.0,AH,E1,G1,S1,1.0,B,0
7319,45.0,1.907745,0.0,0.0,2.0,AH,E1,G1,S1,1.0,B,0
7320,0.0,1.986374,1.0,1.0,1.0,AH,E1,G1,S2,1.0,B,0
7321,135.0,1.708912,0.0,0.0,1.0,AH,E1,G1,S2,1.0,B,0
7322,90.0,1.720711,1.0,1.0,1.0,AH,E1,G1,S2,1.0,B,0
7323,90.0,1.631077,0.0,0.0,2.0,AH,E1,G1,S2,1.0,B,0
7324,45.0,1.854656,0.0,0.0,1.0,AH,E1,G1,S2,1.0,B,0
7325,135.0,1.605885,0.0,0.0,1.0,AH,E1,G1,S2,1.0,B,0
7326,135.0,1.733002,1.0,1.0,2.0,AH,E1,G1,S2,1.0,B,0
7327,180.0,1.730972,1.0,1.0,1.0,AH,E1,G1,S2,1.0,B,0
7328,45.0,1.644081,1.0,1.0,1.0,AH,E1,G1,S2,1.0,B,0
7329,180.0,1.663738,0.0,0.0,2.0,AH,E1,G1,S2,1.0,B,0
7330,0.0,2.03334,0.0,0.0,2.0,AH,E1,G1,S2,1.0,B,0
7331,180.0,1.65274,1.0,1.0,2.0,AH,E1,G1,S2,1.0,B,0
7332,180.0,1.521969,1.0,1.0,1.0,AH,E1,G1,S2,1.0,B,0
7333,180.0,1.893906,0.0,0.0,0.0,AH,E1,G1,S2,1.0,B,0
7334,90.0,1.612564,0.0,0.0,1.0,AH,E1,G1,S2,1.0,B,0
7335,0.0,2.264709,1.0,1.0,0.0,AH,E1,G1,S2,1.0,B,0
7336,135.0,1.609055,0.0,0.0,2.0,AH,E1,G1,S2,1.0,B,0
7337,180.0,1.641182,0.0,0.0,1.0,AH,E1,G1,S2,1.0,B,0
7338,45.0,2.120903,0.0,0.0,0.0,AH,E1,G1,S2,1.0,B,0
7339,135.0,1.710381,0.0,0.0,2.0,AH,E1,G1,S2,1.0,B,0
7340,45.0,1.786423,1.0,1.0,2.0,AH,E1,G1,S2,1.0,B,0
7341,135.0,1.720901,0.0,0.0,0.0,AH,E1,G1,S2,1.0,B,0
7342,0.0,2.043953,0.0,0.0,1.0,AH,E1,G1,S2,1.0,B,0
7343,45.0,1.831894,0.0,0.0,2.0,AH,E1,G1,S2,1.0,B,0
7344,135.0,1.67601,1.0,1.0,1.0,AH,E1,G1,S2,1.0,B,0
7345,0.0,1.761147,0.0,0.0,0.0,AH,E1,G1,S2,1.0,B,0
7346,45.0,2.134789,1.0,1.0,0.0,AH,E1,G1,S2,1.0,B,0
7347,180.0,1.588051,0.0,0.0,0.0,AH,E1,G1,S2,1.0,B,0
7348,180.0,1.55896,0.0,0.0,2.0,AH,E1,G1,S2,1.0,B,0
7349,45.0,1.754608,1.0,1.0,2.0,AH,E1,G1,S2,1.0,B,0
7350,0.0,1.790024,0.0,0.0,2.0,AH,E1,G1,S2,1.0,B,0
7351,0.0,1.761017,0.0,0.0,1.0,AH,E1,G1,S2,1.0,B,0
7352,90.0,2.014503,1.0,1.0,0.0,AH,E1,G1,S2,1.0,B,0
7353,180.0,1.868126,1.0,1.0,2.0,AH,E1,G1,S2,1.0,B,0
7354,135.0,1.673065,0.0,0.0,0.0,AH,E1,G1,S2,1.0,B,0
7355,180.0,1.665695,1.0,1.0,0.0,AH,E1,G1,S2,1.0,B,0
7356,180.0,1.639633,0.0,0.0,1.0,AH,E1,G1,S2,1.0,B,0
7357,90.0,1.609299,0.0,0.0,1.0,AH,E1,G1,S2,1.0,B,0
7358,0.0,1.771332,1.0,1.0,2.0,AH,E1,G1,S2,1.0,B,0
7359,90.0,1.721222,0.0,0.0,0.0,AH,E1,G1,S2,1.0,B,0
7360,180.0,1.634911,1.0,1.0,0.0,AH,E1,G1,S2,1.0,B,0
7361,45.0,1.806953,1.0,1.0,1.0,AH,E1,G1,S2,1.0,B,0
7362,90.0,1.821899,1.0,1.0,2.0,AH,E1,G1,S2,1.0,B,0
7363,0.0,1.930199,1.0,1.0,2.0,AH,E1,G1,S2,1.0,B,0
7364,135.0,1.790192,1.0,1.0,2.0,AH,E1,G1,S2,1.0,B,0
7365,90.0,1.808945,1.0,1.0,1.0,AH,E1,G1,S2,1.0,B,0
7366,90.0,2.66198,1.0,1.0,2.0,AH,E1,G1,S2,1.0,B,0
7367,0.0,2.149635,1.0,1.0,1.0,AH,E1,G1,S2,1.0,B,0
7368,45.0,1.765717,0.0,0.0,1.0,AH,E1,G1,S2,1.0,B,0
7369,0.0,2.34581,1.0,1.0,0.0,AH,E1,G1,S2,1.0,B,0
7370,90.0,1.899155,0.0,0.0,2.0,AH,E1,G1,S2,1.0,B,0
7371,90.0,2.174667,1.0,1.0,0.0,AH,E1,G1,S2,1.0,B,0
7372,135.0,1.755295,1.0,1.0,1.0,AH,E1,G1,S2,1.0,B,0
7373,135.0,2.080612,1.0,1.0,0.0,AH,E1,G1,S2,1.0,B,0
7374,45.0,2.075272,1.0,1.0,0.0,AH,E1,G1,S2,1.0,B,0
7375,45.0,1.948425,0.0,0.0,0.0,AH,E1,G1,S2,1.0,B,0
7376,90.0,1.705933,0.0,0.0,0.0,AH,E1,G1,S2,1.0,B,0
7377,0.0,2.353394,0.0,0.0,0.0,AH,E1,G1,S2,1.0,B,0
7378,135.0,1.814194,1.0,1.0,0.0,AH,E1,G1,S2,1.0,B,0
7379,45.0,2.050491,0.0,0.0,2.0,AH,E1,G1,S2,1.0,B,0
7381,135.0,4.700164,0.0,0.0,1.0,AH,E1,G1,S3,1.0,B,0
7382,90.0,2.285686,1.0,1.0,1.0,AH,E1,G1,S3,1.0,B,0
7383,90.0,2.044874,0.0,0.0,2.0,AH,E1,G1,S3,1.0,B,0
7384,45.0,1.697643,0.0,0.0,1.0,AH,E1,G1,S3,1.0,B,0
7385,135.0,1.553957,0.0,0.0,1.0,AH,E1,G1,S3,1.0,B,0
7386,135.0,1.752108,1.0,1.0,2.0,AH,E1,G1,S3,1.0,B,0
7387,180.0,1.878834,1.0,1.0,1.0,AH,E1,G1,S3,1.0,B,0
7388,45.0,1.794184,1.0,1.0,1.0,AH,E1,G1,S3,1.0,B,0
7389,180.0,1.765652,0.0,0.0,2.0,AH,E1,G1,S3,1.0,B,0
7390,0.0,1.900049,0.0,0.0,2.0,AH,E1,G1,S3,1.0,B,0
7391,180.0,1.55122,1.0,1.0,2.0,AH,E1,G1,S3,1.0,B,0
7392,180.0,1.597958,1.0,1.0,1.0,AH,E1,G1,S3,1.0,B,0
7393,180.0,1.898975,0.0,0.0,0.0,AH,E1,G1,S3,1.0,B,0
7394,90.0,1.57605,0.0,0.0,1.0,AH,E1,G1,S3,1.0,B,0
7395,0.0,2.051121,1.0,1.0,0.0,AH,E1,G1,S3,1.0,B,0
7396,135.0,1.633121,0.0,0.0,2.0,AH,E1,G1,S3,1.0,B,0
7397,180.0,1.621414,0.0,0.0,1.0,AH,E1,G1,S3,1.0,B,0
7399,135.0,1.687962,0.0,0.0,2.0,AH,E1,G1,S3,1.0,B,0
7400,45.0,1.844372,1.0,1.0,2.0,AH,E1,G1,S3,1.0,B,0
7401,135.0,1.656002,0.0,0.0,0.0,AH,E1,G1,S3,1.0,B,0
7402,0.0,1.659386,0.0,0.0,1.0,AH,E1,G1,S3,1.0,B,0
7403,45.0,1.734203,0.0,0.0,2.0,AH,E1,G1,S3,1.0,B,0
7404,135.0,1.782665,1.0,1.0,1.0,AH,E1,G1,S3,1.0,B,0
7405,0.0,1.901173,0.0,0.0,0.0,AH,E1,G1,S3,1.0,B,0
7406,45.0,1.920612,1.0,1.0,0.0,AH,E1,G1,S3,1.0,B,0
7407,180.0,2.178486,0.0,0.0,0.0,AH,E1,G1,S3,1.0,B,0
7408,180.0,1.771675,0.0,0.0,2.0,AH,E1,G1,S3,1.0,B,0
7409,45.0,1.836952,1.0,1.0,2.0,AH,E1,G1,S3,1.0,B,0
7410,0.0,1.987694,0.0,0.0,2.0,AH,E1,G1,S3,1.0,B,0
7411,0.0,1.597488,0.0,0.0,1.0,AH,E1,G1,S3,1.0,B,0
7412,90.0,1.789063,1.0,1.0,0.0,AH,E1,G1,S3,1.0,B,0
7413,180.0,1.96357,1.0,1.0,2.0,AH,E1,G1,S3,1.0,B,0
7414,135.0,1.619972,0.0,0.0,0.0,AH,E1,G1,S3,1.0,B,0
7415,180.0,1.730705,1.0,1.0,0.0,AH,E1,G1,S3,1.0,B,0
7416,180.0,1.598152,0.0,0.0,1.0,AH,E1,G1,S3,1.0,B,0
7417,90.0,1.554123,0.0,0.0,1.0,AH,E1,G1,S3,1.0,B,0
7418,0.0,1.730675,1.0,1.0,2.0,AH,E1,G1,S3,1.0,B,0
7419,90.0,1.711548,0.0,0.0,0.0,AH,E1,G1,S3,1.0,B,0
7420,180.0,2.430771,1.0,1.0,0.0,AH,E1,G1,S3,1.0,B,0
7421,45.0,2.301682,1.0,1.0,1.0,AH,E1,G1,S3,1.0,B,0
7422,90.0,1.741348,1.0,1.0,2.0,AH,E1,G1,S3,1.0,B,0
7423,0.0,1.816307,1.0,1.0,2.0,AH,E1,G1,S3,1.0,B,0
7424,135.0,1.702866,1.0,1.0,2.0,AH,E1,G1,S3,1.0,B,0
7425,90.0,1.678131,1.0,1.0,1.0,AH,E1,G1,S3,1.0,B,0
7426,90.0,1.650627,1.0,1.0,2.0,AH,E1,G1,S3,1.0,B,0
7427,0.0,1.64222,1.0,1.0,1.0,AH,E1,G1,S3,1.0,B,0
7428,45.0,1.624588,0.0,0.0,1.0,AH,E1,G1,S3,1.0,B,0
7429,0.0,1.971169,1.0,1.0,0.0,AH,E1,G1,S3,1.0,B,0
7430,90.0,2.189232,0.0,0.0,2.0,AH,E1,G1,S3,1.0,B,0
7431,90.0,1.798386,1.0,1.0,0.0,AH,E1,G1,S3,1.0,B,0
7432,135.0,1.720879,1.0,1.0,1.0,AH,E1,G1,S3,1.0,B,0
7433,135.0,2.580276,1.0,1.0,0.0,AH,E1,G1,S3,1.0,B,0
7434,45.0,2.247246,1.0,1.0,0.0,AH,E1,G1,S3,1.0,B,0
7436,90.0,1.765266,0.0,0.0,0.0,AH,E1,G1,S3,1.0,B,0
7437,0.0,2.36322,0.0,0.0,0.0,AH,E1,G1,S3,1.0,B,0
7438,135.0,2.171783,1.0,1.0,0.0,AH,E1,G1,S3,1.0,B,0
7439,45.0,5.484734,0.0,0.0,2.0,AH,E1,G1,S3,1.0,B,0
7981,45.0,5.627068,1.0,1.0,1.0,AH,E3,G1,S1,1.0,T,0
7984,0.0,5.694618,0.0,0.0,1.0,AH,E3,G1,S1,1.0,T,0
7986,180.0,5.473389,1.0,1.0,0.0,AH,E3,G1,S1,1.0,T,0
7987,45.0,5.417191,1.0,1.0,1.0,AH,E3,G1,S1,1.0,T,0
7989,135.0,4.461823,1.0,1.0,1.0,AH,E3,G1,S1,1.0,T,0
7990,135.0,5.126144,1.0,1.0,2.0,AH,E3,G1,S1,1.0,T,0
7991,0.0,3.954605,1.0,1.0,2.0,AH,E3,G1,S1,1.0,T,0
7992,90.0,5.607132,1.0,1.0,2.0,AH,E3,G1,S1,1.0,T,0
7993,135.0,6.31131,0.0,0.0,2.0,AH,E3,G1,S1,1.0,T,0
7994,135.0,5.852432,1.0,1.0,0.0,AH,E3,G1,S1,1.0,T,0
7995,90.0,2.781464,1.0,1.0,0.0,AH,E3,G1,S1,1.0,T,0
7998,0.0,4.253754,1.0,1.0,2.0,AH,E3,G1,S1,1.0,T,0
7999,135.0,4.8255,0.0,0.0,2.0,AH,E3,G1,S1,1.0,T,0
8000,180.0,5.594131,0.0,0.0,1.0,AH,E3,G1,S1,1.0,T,0
8001,180.0,3.219818,0.0,0.0,2.0,AH,E3,G1,S1,1.0,T,0
8003,135.0,2.175232,0.0,0.0,0.0,AH,E3,G1,S1,1.0,T,0
8004,90.0,1.737274,0.0,0.0,0.0,AH,E3,G1,S1,1.0,T,0
8005,0.0,1.930603,1.0,1.0,0.0,AH,E3,G1,S1,1.0,T,0
8006,0.0,5.238678,0.0,0.0,0.0,AH,E3,G1,S1,1.0,T,0
8007,90.0,6.41748,0.0,0.0,1.0,AH,E3,G1,S1,1.0,T,0
8008,180.0,3.077606,1.0,1.0,2.0,AH,E3,G1,S1,1.0,T,0
8009,180.0,2.546265,0.0,0.0,0.0,AH,E3,G1,S1,1.0,T,0
8010,135.0,2.802795,1.0,1.0,2.0,AH,E3,G1,S1,1.0,T,0
8011,135.0,3.306488,0.0,0.0,1.0,AH,E3,G1,S1,1.0,T,0
8012,180.0,2.356567,1.0,1.0,1.0,AH,E3,G1,S1,1.0,T,0
8013,90.0,3.150024,0.0,0.0,2.0,AH,E3,G1,S1,1.0,T,0
8014,90.0,2.233887,1.0,1.0,0.0,AH,E3,G1,S1,1.0,T,0
8015,90.0,2.694305,1.0,1.0,1.0,AH,E3,G1,S1,1.0,T,0
8016,180.0,2.722931,0.0,0.0,1.0,AH,E3,G1,S1,1.0,T,0
8017,90.0,3.25119,0.0,0.0,2.0,AH,E3,G1,S1,1.0,T,0
8018,45.0,3.195953,0.0,0.0,2.0,AH,E3,G1,S1,1.0,T,0
8019,180.0,3.280731,0.0,0.0,0.0,AH,E3,G1,S1,1.0,T,0
8020,45.0,1.978424,1.0,1.0,0.0,AH,E3,G1,S1,1.0,T,0
8021,180.0,2.45697,0.0,0.0,2.0,AH,E3,G1,S1,1.0,T,0
8022,0.0,4.005066,0.0,0.0,2.0,AH,E3,G1,S1,1.0,T,0
8023,45.0,2.416199,0.0,0.0,0.0,AH,E3,G1,S1,1.0,T,0
8024,90.0,4.956116,1.0,1.0,1.0,AH,E3,G1,S1,1.0,T,0
8025,0.0,2.51712,1.0,1.0,1.0,AH,E3,G1,S1,1.0,T,0
8026,90.0,2.959717,1.0,1.0,2.0,AH,E3,G1,S1,1.0,T,0
8028,45.0,5.382813,0.0,0.0,1.0,AH,E3,G1,S1,1.0,T,0
8029,45.0,3.403992,1.0,1.0,2.0,AH,E3,G1,S1,1.0,T,0
8030,135.0,2.449615,0.0,0.0,0.0,AH,E3,G1,S1,1.0,T,0
8031,180.0,3.069336,1.0,1.0,0.0,AH,E3,G1,S1,1.0,T,0
8032,45.0,7.005005,1.0,1.0,2.0,AH,E3,G1,S1,1.0,T,0
8033,0.0,2.113281,0.0,0.0,0.0,AH,E3,G1,S1,1.0,T,0
8034,135.0,2.350616,1.0,1.0,0.0,AH,E3,G1,S1,1.0,T,0
8035,135.0,3.912201,1.0,1.0,1.0,AH,E3,G1,S1,1.0,T,0
8036,45.0,2.414551,0.0,0.0,1.0,AH,E3,G1,S1,1.0,T,0
8037,45.0,3.006348,0.0,0.0,2.0,AH,E3,G1,S1,1.0,T,0
8038,0.0,5.336365,0.0,0.0,1.0,AH,E3,G1,S1,1.0,T,0
8039,90.0,2.934998,0.0,0.0,1.0,AH,E3,G1,S1,1.0,T,0
8040,180.0,4.520614,1.0,1.0,1.0,AH,E3,G1,S2,1.0,T,0
8041,45.0,3.306218,1.0,1.0,1.0,AH,E3,G1,S2,1.0,T,0
8042,0.0,5.695701,0.0,0.0,2.0,AH,E3,G1,S2,1.0,T,0
8043,90.0,1.986055,0.0,0.0,0.0,AH,E3,G1,S2,1.0,T,0
8044,0.0,1.844564,0.0,0.0,1.0,AH,E3,G1,S2,1.0,T,0
8045,0.0,1.907549,1.0,1.0,0.0,AH,E3,G1,S2,1.0,T,0
8046,180.0,3.376139,1.0,1.0,0.0,AH,E3,G1,S2,1.0,T,0
8047,45.0,2.681471,1.0,1.0,1.0,AH,E3,G1,S2,1.0,T,0
8048,180.0,4.523663,1.0,1.0,2.0,AH,E3,G1,S2,1.0,T,0
8049,135.0,2.22208,1.0,1.0,1.0,AH,E3,G1,S2,1.0,T,0
8050,135.0,2.007385,1.0,1.0,2.0,AH,E3,G1,S2,1.0,T,0
8051,0.0,2.582626,1.0,1.0,2.0,AH,E3,G1,S2,1.0,T,0
8052,90.0,1.746101,1.0,1.0,2.0,AH,E3,G1,S2,1.0,T,0
8053,135.0,2.165997,0.0,0.0,2.0,AH,E3,G1,S2,1.0,T,0
8054,135.0,2.287678,1.0,1.0,0.0,AH,E3,G1,S2,1.0,T,0
8055,90.0,1.95557,1.0,1.0,0.0,AH,E3,G1,S2,1.0,T,0
8056,0.0,1.991997,1.0,1.0,1.0,AH,E3,G1,S2,1.0,T,0
8057,45.0,1.704964,1.0,1.0,0.0,AH,E3,G1,S2,1.0,T,0
8058,0.0,1.765141,1.0,1.0,2.0,AH,E3,G1,S2,1.0,T,0
8060,180.0,2.323048,0.0,0.0,1.0,AH,E3,G1,S2,1.0,T,0
8061,180.0,2.032555,0.0,0.0,2.0,AH,E3,G1,S2,1.0,T,0
8062,45.0,1.85458,0.0,0.0,0.0,AH,E3,G1,S2,1.0,T,0
8063,135.0,1.719429,0.0,0.0,0.0,AH,E3,G1,S2,1.0,T,0
8064,90.0,1.841614,0.0,0.0,0.0,AH,E3,G1,S2,1.0,T,0
8065,0.0,1.889526,1.0,1.0,0.0,AH,E3,G1,S2,1.0,T,0
8066,0.0,1.765182,0.0,0.0,0.0,AH,E3,G1,S2,1.0,T,0
8067,90.0,2.176903,0.0,0.0,1.0,AH,E3,G1,S2,1.0,T,0
8068,180.0,3.307907,1.0,1.0,2.0,AH,E3,G1,S2,1.0,T,0
8069,180.0,2.312233,0.0,0.0,0.0,AH,E3,G1,S2,1.0,T,0
8070,135.0,2.466927,1.0,1.0,2.0,AH,E3,G1,S2,1.0,T,0
8071,135.0,1.922287,0.0,0.0,1.0,AH,E3,G1,S2,1.0,T,0
8072,180.0,2.947884,1.0,1.0,1.0,AH,E3,G1,S2,1.0,T,0
8073,90.0,2.124969,0.0,0.0,2.0,AH,E3,G1,S2,1.0,T,0
8074,90.0,2.120224,1.0,1.0,0.0,AH,E3,G1,S2,1.0,T,0
8075,90.0,1.938377,1.0,1.0,1.0,AH,E3,G1,S2,1.0,T,0
8076,180.0,3.046364,0.0,0.0,1.0,AH,E3,G1,S2,1.0,T,0
8077,90.0,3.737564,0.0,0.0,2.0,AH,E3,G1,S2,1.0,T,0
8078,45.0,2.011337,0.0,0.0,2.0,AH,E3,G1,S2,1.0,T,0
8079,180.0,1.848862,0.0,0.0,0.0,AH,E3,G1,S2,1.0,T,0
8080,45.0,1.848366,1.0,1.0,0.0,AH,E3,G1,S2,1.0,T,0
8081,180.0,2.567711,0.0,0.0,2.0,AH,E3,G1,S2,1.0,T,0
8082,0.0,1.747742,0.0,0.0,2.0,AH,E3,G1,S2,1.0,T,0
8083,45.0,2.340904,0.0,0.0,0.0,AH,E3,G1,S2,1.0,T,0
8084,90.0,3.67173,1.0,1.0,1.0,AH,E3,G1,S2,1.0,T,0
8085,0.0,2.205566,1.0,1.0,1.0,AH,E3,G1,S2,1.0,T,0
8086,90.0,3.005325,1.0,1.0,2.0,AH,E3,G1,S2,1.0,T,0
8087,135.0,2.064903,0.0,0.0,1.0,AH,E3,G1,S2,1.0,T,0
8088,45.0,2.02166,0.0,0.0,1.0,AH,E3,G1,S2,1.0,T,0
8089,45.0,2.132401,1.0,1.0,2.0,AH,E3,G1,S2,1.0,T,0
8090,135.0,1.799309,0.0,0.0,0.0,AH,E3,G1,S2,1.0,T,0
8091,180.0,2.344849,1.0,1.0,0.0,AH,E3,G1,S2,1.0,T,0
8092,45.0,2.479446,1.0,1.0,2.0,AH,E3,G1,S2,1.0,T,0
8093,0.0,1.842773,0.0,0.0,0.0,AH,E3,G1,S2,1.0,T,0
8094,135.0,1.852478,1.0,1.0,0.0,AH,E3,G1,S2,1.0,T,0
8095,135.0,1.966537,1.0,1.0,1.0,AH,E3,G1,S2,1.0,T,0
8096,45.0,1.958908,0.0,0.0,1.0,AH,E3,G1,S2,1.0,T,0
8097,45.0,1.859161,0.0,0.0,2.0,AH,E3,G1,S2,1.0,T,0
8098,0.0,2.103912,0.0,0.0,1.0,AH,E3,G1,S2,1.0,T,0
8100,180.0,2.320559,1.0,1.0,1.0,AH,E3,G1,S3,1.0,T,0
8101,45.0,2.068247,1.0,1.0,1.0,AH,E3,G1,S3,1.0,T,0
8102,0.0,1.70769,0.0,0.0,2.0,AH,E3,G1,S3,1.0,T,0
8103,90.0,1.731122,0.0,0.0,0.0,AH,E3,G1,S3,1.0,T,0
8104,0.0,1.921629,0.0,0.0,1.0,AH,E3,G1,S3,1.0,T,0
8105,0.0,1.887785,1.0,1.0,0.0,AH,E3,G1,S3,1.0,T,0
8106,180.0,2.162824,1.0,1.0,0.0,AH,E3,G1,S3,1.0,T,0
8107,45.0,1.95797,1.0,1.0,1.0,AH,E3,G1,S3,1.0,T,0
8108,180.0,2.47924,1.0,1.0,2.0,AH,E3,G1,S3,1.0,T,0
8109,135.0,1.876627,1.0,1.0,1.0,AH,E3,G1,S3,1.0,T,0
8110,135.0,1.853426,1.0,1.0,2.0,AH,E3,G1,S3,1.0,T,0
8111,0.0,1.700127,1.0,1.0,2.0,AH,E3,G1,S3,1.0,T,0
8112,90.0,2.087152,1.0,1.0,2.0,AH,E3,G1,S3,1.0,T,0
8113,135.0,1.933369,0.0,0.0,2.0,AH,E3,G1,S3,1.0,T,0
8114,135.0,1.988153,1.0,1.0,0.0,AH,E3,G1,S3,1.0,T,0
8115,90.0,1.665615,1.0,1.0,0.0,AH,E3,G1,S3,1.0,T,0
8116,0.0,1.84647,1.0,1.0,1.0,AH,E3,G1,S3,1.0,T,0
8117,45.0,1.668594,1.0,1.0,0.0,AH,E3,G1,S3,1.0,T,0
8118,0.0,1.722073,1.0,1.0,2.0,AH,E3,G1,S3,1.0,T,0
8119,135.0,1.931667,0.0,0.0,2.0,AH,E3,G1,S3,1.0,T,0
8120,180.0,1.676029,0.0,0.0,1.0,AH,E3,G1,S3,1.0,T,0
8121,180.0,1.620625,0.0,0.0,2.0,AH,E3,G1,S3,1.0,T,0
8122,45.0,1.643173,0.0,0.0,0.0,AH,E3,G1,S3,1.0,T,0
8123,135.0,1.618591,0.0,0.0,0.0,AH,E3,G1,S3,1.0,T,0
8124,90.0,1.606464,0.0,0.0,0.0,AH,E3,G1,S3,1.0,T,0
8125,0.0,1.669388,1.0,1.0,0.0,AH,E3,G1,S3,1.0,T,0
8126,0.0,1.593193,0.0,0.0,0.0,AH,E3,G1,S3,1.0,T,0
8127,90.0,2.763409,0.0,0.0,1.0,AH,E3,G1,S3,1.0,T,0
8128,180.0,1.930096,1.0,1.0,2.0,AH,E3,G1,S3,1.0,T,0
8129,180.0,2.118877,0.0,0.0,0.0,AH,E3,G1,S3,1.0,T,0
8130,135.0,1.922966,1.0,1.0,2.0,AH,E3,G1,S3,1.0,T,0
8131,135.0,1.920258,0.0,0.0,1.0,AH,E3,G1,S3,1.0,T,0
8132,180.0,2.233246,1.0,1.0,1.0,AH,E3,G1,S3,1.0,T,0
8133,90.0,2.74865,0.0,0.0,2.0,AH,E3,G1,S3,1.0,T,0
8134,90.0,1.682838,1.0,1.0,0.0,AH,E3,G1,S3,1.0,T,0
8135,90.0,2.404541,1.0,1.0,1.0,AH,E3,G1,S3,1.0,T,0
8136,180.0,2.044785,0.0,0.0,1.0,AH,E3,G1,S3,1.0,T,0
8137,90.0,2.212479,0.0,0.0,2.0,AH,E3,G1,S3,1.0,T,0
8138,45.0,1.674263,0.0,0.0,2.0,AH,E3,G1,S3,1.0,T,0
8139,180.0,2.197845,0.0,0.0,0.0,AH,E3,G1,S3,1.0,T,0
8140,45.0,1.785294,1.0,1.0,0.0,AH,E3,G1,S3,1.0,T,0
8141,180.0,1.779747,0.0,0.0,2.0,AH,E3,G1,S3,1.0,T,0
8142,0.0,1.70034,0.0,0.0,2.0,AH,E3,G1,S3,1.0,T,0
8143,45.0,1.673523,0.0,0.0,0.0,AH,E3,G1,S3,1.0,T,0
8144,90.0,2.569817,1.0,1.0,1.0,AH,E3,G1,S3,1.0,T,0
8145,0.0,1.8759,1.0,1.0,1.0,AH,E3,G1,S3,1.0,T,0
8146,90.0,2.211227,1.0,1.0,2.0,AH,E3,G1,S3,1.0,T,0
8147,135.0,2.179268,0.0,0.0,1.0,AH,E3,G1,S3,1.0,T,0
8148,45.0,2.022789,0.0,0.0,1.0,AH,E3,G1,S3,1.0,T,0
8149,45.0,1.896866,1.0,1.0,2.0,AH,E3,G1,S3,1.0,T,0
8150,135.0,1.764801,0.0,0.0,0.0,AH,E3,G1,S3,1.0,T,0
8151,180.0,2.201141,1.0,1.0,0.0,AH,E3,G1,S3,1.0,T,0
8152,45.0,1.865921,1.0,1.0,2.0,AH,E3,G1,S3,1.0,T,0
8153,0.0,1.612083,0.0,0.0,0.0,AH,E3,G1,S3,1.0,T,0
8154,135.0,2.071289,1.0,1.0,0.0,AH,E3,G1,S3,1.0,T,0
8155,135.0,1.856606,1.0,1.0,1.0,AH,E3,G1,S3,1.0,T,0
8156,45.0,2.233612,0.0,0.0,1.0,AH,E3,G1,S3,1.0,T,0
8157,45.0,1.874763,0.0,0.0,2.0,AH,E3,G1,S3,1.0,T,0
8158,0.0,2.19117,0.0,0.0,1.0,AH,E3,G1,S3,1.0,T,0
8159,90.0,2.232155,0.0,0.0,1.0,AH,E3,G1,S3,1.0,T,0
